captured_at_jst,http_last_modified,bytes,sha1_8,mean_all,dark,far_mean,far_sd,mid_mean,mid_sd,near_mean,near_sd,far_over_near,far_lc,mid_lc,near_lc,label,note
2026-09-07 17:58,"Mon, 07 Sep 2026 08:50:01 GMT",46599,B23452A8,140.5,0,140.4,20.04,129.8,29.63,151.4,40.08,0.500,,,,,
2026-09-07 18:02,"Mon, 07 Sep 2026 09:00:01 GMT",23741,84008AB5,157.1,0,173.1,16.00,173.8,13.45,124.4,17.20,0.930,0.05,0.14,0.81,濃霧,
2026-09-07 18:50,"Mon, 07 Sep 2026 09:50:01 GMT",59917,C30D1C36,74.7,1,69.5,12.07,78.7,10.32,75.8,10.39,1.162,5.83,6.14,6.07,,
2026-09-07 19:50,"Mon, 07 Sep 2026 10:50:01 GMT",46184,2E1A5958,28.3,1,27.4,6.20,27.9,9.68,29.5,6.42,0.967,3.74,3.68,3.87,,
2026-09-07 20:50,"Mon, 07 Sep 2026 11:50:01 GMT",46091,17C351A1,27.9,1,26.9,5.92,27.4,6.54,29.4,6.39,0.926,3.63,3.64,3.88,,
2026-09-07 21:50,"Mon, 07 Sep 2026 12:50:01 GMT",45729,8D2E5EFF,27.8,1,26.9,6.05,27.1,6.02,29.2,6.30,0.960,3.68,3.59,3.84,,
2026-09-07 22:50,"Mon, 07 Sep 2026 13:50:01 GMT",46005,18EDF28E,27.7,1,26.5,5.86,27.2,6.11,29.4,6.34,0.926,3.57,3.62,3.81,,
2026-09-07 23:50,"Mon, 07 Sep 2026 14:50:00 GMT",45847,1AE178C3,27.4,1,26.4,6.02,26.9,6.05,29.0,6.37,0.945,3.63,3.59,3.85,,
2026-09-08 00:50,"Mon, 07 Sep 2026 15:50:01 GMT",46576,1FD2192E,28.1,1,27.4,6.12,27.4,6.21,29.7,6.43,0.951,3.68,3.70,3.92,,
2026-09-08 01:50,"Mon, 07 Sep 2026 16:50:01 GMT",46265,788E62A8,27.8,1,26.7,6.02,27.1,6.13,29.5,6.38,0.943,3.58,3.62,3.80,,
2026-09-08 02:50,"Mon, 07 Sep 2026 17:50:01 GMT",46436,0B892681,28.0,1,27.1,6.27,27.5,6.13,29.4,6.38,0.984,3.79,3.69,3.90,,
2026-09-08 03:50,"Mon, 07 Sep 2026 18:50:01 GMT",46421,15536513,28.2,1,27.1,5.95,27.7,6.11,29.8,6.42,0.926,3.65,3.64,3.89,,
2026-09-08 04:50,"Mon, 07 Sep 2026 19:50:01 GMT",46165,BD44C5FC,28.3,1,27.2,5.98,27.6,6.11,29.9,6.35,0.942,3.55,3.69,3.88,,
2026-09-08 05:50,"Mon, 07 Sep 2026 20:50:01 GMT",20785,B787FAE6,154.6,0,166.7,16.81,173.2,10.21,123.9,13.27,1.267,0.06,0.07,0.33,濃霧,
2026-09-08 06:50,"Mon, 07 Sep 2026 21:50:00 GMT",22211,70C5D474,158.1,0,176.0,15.80,175.8,13.66,122.4,14.63,1.080,0.05,0.09,0.53,濃霧,
2026-09-08 07:50,"Mon, 07 Sep 2026 22:50:01 GMT",46332,C9280124,150.5,0,163.7,10.65,141.5,30.05,146.4,40.32,0.264,0.89,3.07,2.84,靄,
2026-09-08 08:50,"Mon, 07 Sep 2026 23:50:01 GMT",23715,CF55E2BE,155.8,0,170.0,16.01,169.8,14.32,127.7,14.85,1.078,0.04,0.16,0.72,濃霧,
2026-09-08 09:50,"Tue, 08 Sep 2026 00:50:01 GMT",31463,E138709D,154.9,0,171.5,10.17,155.2,14.50,138.0,24.31,0.419,0.28,0.81,1.44,薄霧,
2026-09-08 10:50,"Tue, 08 Sep 2026 01:50:01 GMT",39983,AA97FC3F,163.0,0,199.4,13.81,161.5,36.92,128.1,42.09,0.328,0.09,1.36,2.94,靄,
2026-09-08 11:50,"Tue, 08 Sep 2026 02:50:01 GMT",19871,4AA2EB09,152.2,0,160.5,16.95,170.9,8.37,125.2,12.43,1.363,0.05,0.05,0.25,濃霧,
2026-09-08 12:50,"Tue, 08 Sep 2026 03:50:01 GMT",24066,DB6C7979,157.7,0,177.1,15.36,174.4,15.54,121.8,17.01,0.903,0.07,0.14,0.80,濃霧,
2026-09-08 13:50,"Tue, 08 Sep 2026 04:50:00 GMT",21228,5421B0E7,153.7,0,167.1,16.89,171.4,11.07,122.5,14.01,1.206,0.06,0.07,0.42,濃霧,
2026-09-08 14:50,"Tue, 08 Sep 2026 05:50:01 GMT",51406,26918101,132.9,0,120.2,17.10,127.9,33.41,150.7,46.09,0.371,1.72,4.07,3.08,靄,
2026-09-08 15:50,"Tue, 08 Sep 2026 06:50:01 GMT",33612,9DBCA03F,156.8,0,173.9,16.12,161.4,24.78,134.9,30.56,0.528,0.12,0.95,1.83,薄霧,
2026-09-08 16:50,"Tue, 08 Sep 2026 07:50:01 GMT",35474,FD7F953A,144.8,0,139.5,14.75,149.7,17.34,145.1,29.69,0.497,0.41,1.40,1.79,薄霧,
2026-09-08 17:50,"Tue, 08 Sep 2026 08:50:01 GMT",45755,BC9D88A1,142.9,0,154.8,11.56,130.9,31.36,142.9,45.08,0.256,0.77,3.12,2.83,靄,
2026-09-08 18:50,"Tue, 08 Sep 2026 09:50:01 GMT",50348,BE1D0EE9,38.1,1,41.5,7.54,35.6,7.62,37.3,7.94,0.950,4.63,4.35,4.46,,
2026-09-08 19:50,"Tue, 08 Sep 2026 10:50:01 GMT",46168,61D04CA2,27.9,1,27.1,6.10,27.1,6.10,29.5,6.39,0.954,3.59,3.66,3.89,,
2026-09-08 20:50,"Tue, 08 Sep 2026 11:50:01 GMT",46303,AE94426C,28.2,1,27.2,5.85,27.7,6.12,29.9,6.46,0.905,3.60,3.62,3.89,,
2026-09-08 21:50,"Tue, 08 Sep 2026 12:50:01 GMT",46029,6B46658B,27.7,1,26.6,5.94,27.0,6.08,29.5,6.38,0.931,3.62,3.63,3.83,,
2026-09-08 22:50,"Tue, 08 Sep 2026 13:50:01 GMT",46055,60F22617,27.9,1,26.8,5.96,27.3,6.08,29.7,6.36,0.937,3.65,3.66,3.82,,
2026-09-08 23:50,"Tue, 08 Sep 2026 14:50:01 GMT",46101,417CC6A9,27.9,1,27.0,6.15,27.1,5.98,29.5,6.40,0.960,3.67,3.60,3.84,,
2026-09-09 00:50,"Tue, 08 Sep 2026 15:50:01 GMT",46586,F0903CC6,28.2,1,27.3,6.12,27.6,6.22,29.7,6.49,0.943,3.68,3.70,3.90,,
2026-09-09 01:50,"Tue, 08 Sep 2026 16:50:01 GMT",46393,6D164DB2,28.1,1,27.0,6.14,27.6,6.09,29.7,6.41,0.957,3.80,3.71,3.86,,
2026-09-09 02:50,"Tue, 08 Sep 2026 17:50:01 GMT",46241,A71EBAD9,28.1,1,27.1,5.91,27.5,6.06,29.8,6.38,0.926,3.57,3.72,3.83,,
2026-09-09 03:50,"Tue, 08 Sep 2026 18:50:00 GMT",46579,1A751CD9,28.3,1,27.4,6.07,27.9,6.14,29.6,6.38,0.951,3.75,3.75,3.84,,
2026-09-09 04:50,"Tue, 08 Sep 2026 19:50:01 GMT",46575,4A9F7787,28.2,1,27.2,5.94,27.8,6.24,29.6,6.45,0.921,3.72,3.75,3.89,,
2026-09-09 05:50,"Tue, 08 Sep 2026 20:50:01 GMT",22589,81B64017,144.8,0,154.3,16.86,162.7,8.45,117.5,12.11,1.392,0.24,0.21,0.57,濃霧,
2026-09-09 06:50,"Tue, 08 Sep 2026 21:50:01 GMT",21911,18336C3D,155.1,0,170.0,16.56,173.8,12.06,121.4,14.93,1.109,0.05,0.08,0.56,濃霧,
2026-09-09 07:50,"Tue, 08 Sep 2026 22:50:01 GMT",25659,0C6CF58D,160.1,0,178.8,14.78,171.1,18.65,130.4,18.60,0.795,0.05,0.24,1.01,薄霧,
2026-09-09 08:50,"Tue, 08 Sep 2026 23:50:01 GMT",23506,C2ACF66D,156.9,0,173.4,16.41,173.2,13.71,124.1,17.69,0.928,0.06,0.13,0.80,濃霧,
2026-09-09 09:50,"Wed, 09 Sep 2026 00:50:01 GMT",26012,E0062524,158.8,0,178.2,14.63,171.5,16.24,126.6,23.79,0.615,0.05,0.22,1.20,薄霧,
2026-09-09 10:50,"Wed, 09 Sep 2026 01:50:01 GMT",54825,8A00EC70,123.1,0,91.3,17.58,122.5,34.38,155.6,45.28,0.388,2.61,4.91,3.82,霧なし,
2026-09-09 11:50,"Wed, 09 Sep 2026 02:50:01 GMT",54616,1EB7CB23,123.9,0,92.8,20.91,125.5,34.40,153.5,44.74,0.467,2.47,4.83,3.50,靄,
2026-09-09 12:50,"Wed, 09 Sep 2026 03:50:01 GMT",54409,BEB3F11E,124.4,0,97.5,21.55,124.7,35.28,151.0,44.18,0.488,2.65,5.15,3.51,靄,
2026-09-09 13:50,"Wed, 09 Sep 2026 04:50:01 GMT",53294,7941049A,123.6,0,92.6,19.98,125.6,34.88,152.5,44.40,0.450,2.17,4.62,3.42,靄,
2026-09-09 14:50,"Wed, 09 Sep 2026 05:50:01 GMT",57260,57E2E760,121.8,0,96.9,20.03,117.5,35.72,151.1,56.95,0.352,2.77,4.89,4.16,霧なし,
2026-09-09 15:50,"Wed, 09 Sep 2026 06:50:01 GMT",57741,34454465,125.5,0,105.7,20.73,128.1,37.55,142.8,52.09,0.398,3.39,5.34,3.99,霧なし,
2026-09-09 16:50,"Wed, 09 Sep 2026 07:50:01 GMT",40980,899D3737,146.7,0,145.0,14.80,150.1,19.35,145.0,40.52,0.365,0.40,1.77,2.65,靄,
2026-09-09 17:50,"Wed, 09 Sep 2026 08:50:00 GMT",25380,54F611DF,153.7,0,161.5,17.98,171.5,11.18,128.3,24.40,0.737,0.07,0.14,1.05,薄霧,
2026-09-09 18:50,"Wed, 09 Sep 2026 09:50:02 GMT",58191,F93FFACF,56.9,1,45.6,9.03,60.1,32.83,65.0,21.99,0.410,4.99,5.62,5.74,,
2026-09-09 19:50,"Wed, 09 Sep 2026 10:50:01 GMT",46573,43F5160F,28.4,1,27.1,6.08,27.8,6.84,30.3,6.48,0.938,3.60,3.69,3.90,,
2026-09-09 20:50,"Wed, 09 Sep 2026 11:50:01 GMT",46232,C71E4B88,27.9,1,27.0,6.15,27.5,7.84,29.2,6.39,0.962,3.66,3.64,3.88,,
2026-09-09 21:50,"Wed, 09 Sep 2026 12:50:01 GMT",46223,39B08B72,27.9,1,26.9,6.07,27.3,6.02,29.5,6.36,0.954,3.61,3.65,3.89,,
2026-09-09 22:50,"Wed, 09 Sep 2026 13:50:01 GMT",46239,02755A61,28.0,1,27.1,6.06,27.7,6.08,29.3,6.31,0.960,3.65,3.68,3.82,,
2026-09-10 10:50,"Thu, 10 Sep 2026 01:50:01 GMT",20062,D8B19B27,154.5,0,165.4,16.84,173.9,9.12,124.1,14.13,1.192,0.07,0.05,0.32,濃霧,
2026-09-10 11:50,"Thu, 10 Sep 2026 02:50:01 GMT",19658,C720B29E,153.6,0,161.5,16.73,171.6,8.57,127.7,11.21,1.492,0.05,0.05,0.23,濃霧,
2026-09-10 12:50,"Thu, 10 Sep 2026 03:50:01 GMT",19418,2F557F45,153.2,0,160.3,17.10,171.2,7.97,128.1,11.18,1.529,0.05,0.04,0.19,濃霧,
2026-09-10 13:50,"Thu, 10 Sep 2026 04:50:01 GMT",18867,5B7DEEA8,149.4,0,153.6,16.64,166.4,6.17,128.3,10.49,1.586,0.07,0.04,0.12,濃霧,
2026-09-10 14:50,"Thu, 10 Sep 2026 05:50:00 GMT",18876,03C64E79,150.3,0,154.0,16.83,168.1,6.38,128.7,11.06,1.522,0.06,0.04,0.12,濃霧,
2026-09-10 15:50,"Thu, 10 Sep 2026 06:50:00 GMT",22202,7F52A7B8,156.0,0,170.2,16.25,174.4,11.57,123.2,13.91,1.168,0.06,0.08,0.57,濃霧,
2026-09-10 16:12,"Thu, 10 Sep 2026 07:10:01 GMT",26154,EF9E0F08,158.1,0,179.7,14.84,173.7,16.94,120.8,20.00,0.742,0.06,0.19,1.17,薄霧,
2026-09-10 16:50,"Thu, 10 Sep 2026 07:50:01 GMT",21956,55E18914,156.1,0,169.9,16.19,174.9,11.86,123.4,13.39,1.210,0.05,0.08,0.54,濃霧,
2026-09-10 16:58,"Thu, 10 Sep 2026 07:50:01 GMT",21956,55E18914,156.1,0,169.9,16.19,174.9,11.86,123.4,13.39,1.210,0.05,0.08,0.54,濃霧,
2026-09-10 17:50,"Thu, 10 Sep 2026 08:50:01 GMT",19542,2EED10B1,152.6,0,160.6,17.09,172.0,7.77,125.3,12.26,1.393,0.06,0.04,0.22,濃霧,
2026-09-10 18:50,"Thu, 10 Sep 2026 09:50:01 GMT",58489,E9480DAA,91.7,1,101.2,16.34,101.9,12.12,71.8,11.80,1.384,5.58,5.67,5.74,,
2026-09-10 19:50,"Thu, 10 Sep 2026 10:50:01 GMT",45950,C05A18A3,27.9,1,26.7,6.03,27.5,6.12,29.6,6.41,0.941,3.63,3.64,3.84,,
2026-09-10 20:50,"Thu, 10 Sep 2026 11:50:01 GMT",46504,82140E8E,28.9,1,28.0,6.25,28.3,6.17,30.5,6.47,0.965,3.72,3.72,3.98,,
2026-09-10 21:50,"Thu, 10 Sep 2026 12:50:01 GMT",46406,9EBF0BF6,29.2,1,28.2,5.98,28.5,6.20,30.8,6.51,0.919,3.73,3.74,3.92,,
2026-09-10 22:50,"Thu, 10 Sep 2026 13:50:01 GMT",46170,AD71C27D,28.0,1,27.0,6.06,27.5,6.17,29.4,6.28,0.965,3.54,3.68,3.80,,
2026-09-10 23:50,"Thu, 10 Sep 2026 14:50:01 GMT",46009,6A509D8E,27.9,1,27.1,6.04,27.3,6.08,29.4,6.33,0.954,3.62,3.58,3.88,,
2026-09-11 00:50,"Thu, 10 Sep 2026 15:50:01 GMT",46354,A0B30705,28.2,1,27.3,6.13,27.3,6.24,30.0,6.46,0.949,3.62,3.68,3.89,,
2026-09-11 01:50,"Thu, 10 Sep 2026 16:50:01 GMT",46151,E29729AC,28.2,1,27.5,6.10,27.6,6.13,29.6,6.46,0.943,3.72,3.62,3.85,,
2026-09-11 02:50,"Thu, 10 Sep 2026 17:50:01 GMT",45934,1A245195,28.0,1,27.4,5.97,27.4,6.03,29.4,6.35,0.940,3.59,3.68,3.79,,
2026-09-11 03:50,"Thu, 10 Sep 2026 18:50:01 GMT",46166,638A37E8,28.1,1,27.2,6.09,27.7,6.20,29.5,6.44,0.945,3.68,3.73,3.82,,
2026-09-11 04:50,"Thu, 10 Sep 2026 19:50:01 GMT",46284,6EB556A9,28.0,1,26.7,6.02,27.5,6.22,29.7,6.38,0.943,3.57,3.69,3.88,,
2026-09-11 05:50,"Thu, 10 Sep 2026 20:50:01 GMT",23441,307AD2A9,158.4,0,176.6,15.36,176.7,13.32,121.9,17.83,0.862,0.06,0.11,0.77,濃霧,
2026-09-11 06:50,"Thu, 10 Sep 2026 21:50:01 GMT",22819,4361417F,157.3,0,172.8,15.95,175.0,12.83,124.1,17.09,0.933,0.05,0.10,0.69,濃霧,
2026-09-11 07:50,"Thu, 10 Sep 2026 22:50:01 GMT",23190,0E56F5EA,158.3,0,175.8,14.91,173.8,14.71,125.3,15.46,0.964,0.06,0.12,0.69,濃霧,
2026-09-11 08:50,"Thu, 10 Sep 2026 23:50:01 GMT",26392,EE065AAE,162.2,0,186.3,12.87,174.4,18.90,125.9,19.34,0.666,0.06,0.26,1.15,薄霧,
2026-09-11 09:50,"Fri, 11 Sep 2026 00:50:01 GMT",30254,16D63537,161.7,0,193.2,11.23,173.1,22.78,118.9,28.73,0.391,0.06,0.41,1.78,薄霧,
2026-09-11 10:50,"Fri, 11 Sep 2026 01:50:01 GMT",56221,68591D59,132.3,0,107.3,25.58,141.9,40.11,147.7,44.48,0.575,3.36,5.27,3.62,靄,
2026-09-11 11:50,"Fri, 11 Sep 2026 02:50:00 GMT",54442,5B52FCE9,121.9,0,91.9,19.81,120.8,33.57,152.9,44.01,0.450,2.78,4.86,3.70,靄,
2026-09-11 12:50,"Fri, 11 Sep 2026 03:50:01 GMT",54654,381F3B4A,124.5,0,95.9,19.92,126.1,34.64,151.6,43.60,0.457,2.47,5.15,3.84,霧なし,
2026-09-11 13:50,"Fri, 11 Sep 2026 04:50:01 GMT",22181,0C949BCA,156.4,0,170.1,15.59,173.4,12.86,125.6,18.14,0.859,0.06,0.10,0.66,濃霧,
2026-09-11 14:50,"Fri, 11 Sep 2026 05:50:01 GMT",19482,BAAEAB6E,151.5,0,159.5,16.53,170.8,7.46,124.2,14.71,1.123,0.05,0.04,0.28,濃霧,
2026-09-11 15:50,"Fri, 11 Sep 2026 06:50:02 GMT",41911,C7F0F07F,157.8,0,183.2,9.12,154.6,31.39,135.7,41.38,0.220,0.16,2.50,2.94,靄,
2026-09-11 16:50,"Fri, 11 Sep 2026 07:50:01 GMT",54593,76252548,128.5,0,112.1,22.16,131.7,38.34,141.8,46.36,0.478,4.08,4.97,4.44,霧なし,
2026-09-11 17:50,"Fri, 11 Sep 2026 08:50:01 GMT",40192,8AF99B6D,156.6,0,188.4,16.22,158.0,32.80,123.3,40.50,0.400,1.31,1.97,2.75,靄,
2026-09-11 18:50,"Fri, 11 Sep 2026 09:50:01 GMT",61694,8A06865A,70.9,1,64.4,13.98,74.3,26.53,74.1,26.05,0.537,5.97,6.61,6.06,,
2026-09-11 19:50,"Fri, 11 Sep 2026 10:50:00 GMT",46684,7DE615C5,28.6,1,27.5,6.21,28.5,10.96,29.8,6.55,0.949,3.81,3.79,4.01,,
2026-09-11 20:50,"Fri, 11 Sep 2026 11:50:00 GMT",46116,20CBD53A,27.9,1,27.0,6.15,27.3,6.15,29.4,6.45,0.954,3.74,3.64,3.90,,
2026-09-11 21:50,"Fri, 11 Sep 2026 12:50:01 GMT",46646,650E4F8F,28.2,1,27.5,6.18,27.5,6.30,29.5,6.47,0.955,3.78,3.76,3.91,,
2026-09-11 22:50,"Fri, 11 Sep 2026 13:50:01 GMT",46253,502D5188,28.2,1,27.4,6.20,27.6,6.11,29.6,6.43,0.964,3.75,3.67,3.86,,
2026-09-11 23:50,"Fri, 11 Sep 2026 14:50:01 GMT",47658,42502B0A,30.0,1,28.8,6.40,30.1,6.65,31.0,6.64,0.964,3.97,3.93,4.05,,
2026-09-12 00:50,"Fri, 11 Sep 2026 15:50:01 GMT",46214,159492E1,28.1,1,27.6,5.89,27.5,6.13,29.3,6.33,0.931,3.65,3.69,3.82,,
2026-09-12 01:50,"Fri, 11 Sep 2026 16:50:01 GMT",46071,686104B7,28.0,1,27.1,6.17,27.5,6.20,29.5,6.37,0.969,3.74,3.69,3.81,,
2026-09-12 02:50,"Fri, 11 Sep 2026 17:50:01 GMT",42436,F4CEED93,54.1,1,33.2,7.30,43.9,11.89,85.2,50.52,0.145,2.94,3.20,3.04,,
2026-09-12 03:50,"Fri, 11 Sep 2026 18:50:01 GMT",45954,41DFABD8,28.0,1,27.1,6.12,27.4,6.08,29.4,6.38,0.960,3.64,3.61,3.85,,
2026-09-12 04:50,"Fri, 11 Sep 2026 19:50:01 GMT",45947,6E972749,28.0,1,26.9,5.99,27.2,6.01,29.8,6.34,0.945,3.55,3.61,3.84,,
2026-09-12 05:50,"Fri, 11 Sep 2026 20:50:01 GMT",19371,FE34B6D1,152.8,0,160.4,16.94,171.5,7.36,126.6,12.27,1.380,0.05,0.04,0.19,濃霧,
2026-09-12 06:50,"Fri, 11 Sep 2026 21:50:01 GMT",21769,3A456B5F,154.9,0,170.8,15.88,175.2,10.79,118.7,16.90,0.940,0.05,0.07,0.58,濃霧,
2026-09-12 07:50,"Fri, 11 Sep 2026 22:50:01 GMT",18875,29D0C43D,150.6,0,155.2,16.80,168.0,6.39,128.7,11.55,1.454,0.07,0.03,0.12,濃霧,
2026-09-12 08:50,"Fri, 11 Sep 2026 23:50:00 GMT",19363,04581705,151.4,0,157.8,16.71,169.1,7.17,127.3,12.02,1.390,0.07,0.04,0.18,濃霧,
2026-09-12 09:50,"Sat, 12 Sep 2026 00:50:00 GMT",21954,89C69282,155.7,0,170.3,16.61,174.4,12.55,122.5,16.85,0.986,0.05,0.09,0.59,濃霧,
2026-09-12 10:50,"Sat, 12 Sep 2026 01:50:01 GMT",20335,7C71F71B,153.1,0,164.6,16.68,173.2,9.42,121.5,15.41,1.082,0.06,0.06,0.35,濃霧,
2026-09-12 11:50,"Sat, 12 Sep 2026 02:50:01 GMT",23043,76396E6E,155.4,0,167.8,16.32,174.8,10.45,123.5,17.87,0.913,0.05,0.07,0.63,濃霧,
2026-09-12 12:50,"Sat, 12 Sep 2026 03:50:01 GMT",20197,920FE453,151.0,0,155.8,16.64,167.1,7.30,130.1,18.55,0.897,0.07,0.04,0.38,濃霧,
2026-09-12 13:50,"Sat, 12 Sep 2026 04:50:01 GMT",19098,9B04175A,150.1,0,155.0,16.87,168.2,6.19,127.0,12.23,1.379,0.06,0.04,0.12,濃霧,
2026-09-12 14:50,"Sat, 12 Sep 2026 05:50:01 GMT",19075,1EC8A824,152.1,0,158.0,17.10,170.2,6.87,128.0,12.20,1.402,0.07,0.03,0.15,濃霧,
2026-09-12 15:50,"Sat, 12 Sep 2026 06:50:00 GMT",18614,277DD4ED,147.7,0,151.5,16.92,164.7,5.56,127.0,11.89,1.423,0.06,0.03,0.11,濃霧,
2026-09-12 16:50,"Sat, 12 Sep 2026 07:50:00 GMT",18525,5C72329B,149.1,0,153.4,17.12,166.6,5.52,127.2,12.01,1.425,0.06,0.03,0.08,濃霧,
2026-09-12 17:50,"Sat, 12 Sep 2026 08:50:01 GMT",18522,88710047,149.2,0,152.4,16.34,166.8,5.67,128.3,11.14,1.467,0.07,0.03,0.08,濃霧,
2026-09-12 18:50,"Sat, 12 Sep 2026 09:50:01 GMT",59583,CFD4DAE7,82.4,1,86.9,14.38,91.6,11.23,68.6,10.90,1.320,6.26,6.19,5.83,,
2026-09-12 19:50,"Sat, 12 Sep 2026 10:50:01 GMT",46814,975F8F05,29.1,1,28.3,6.28,28.4,6.26,30.7,6.45,0.973,3.82,3.78,3.90,,
2026-09-12 20:50,"Sat, 12 Sep 2026 11:50:01 GMT",46190,D62619C7,28.3,1,27.4,6.01,27.7,6.08,29.8,6.42,0.935,3.75,3.68,3.89,,
2026-09-12 21:50,"Sat, 12 Sep 2026 12:50:01 GMT",46190,F59BE5DA,29.0,1,28.1,6.19,28.9,6.27,30.1,6.32,0.980,3.73,3.74,3.88,,
2026-09-12 22:50,"Sat, 12 Sep 2026 13:50:00 GMT",45897,48FD8F05,28.4,1,27.6,5.90,27.7,6.02,29.9,6.34,0.931,3.56,3.66,3.89,,
2026-09-12 23:50,"Sat, 12 Sep 2026 14:50:02 GMT",46002,40E5B783,27.7,1,26.7,6.07,27.1,6.03,29.2,6.29,0.966,3.73,3.63,3.82,,
2026-09-13 00:50,"Sat, 12 Sep 2026 15:50:01 GMT",45909,CD168BCE,27.9,1,27.0,5.98,27.3,6.05,29.4,6.22,0.961,3.63,3.64,3.80,,
2026-09-13 01:50,"Sat, 12 Sep 2026 16:50:01 GMT",46129,F376CBD7,27.9,1,27.0,6.06,27.2,6.09,29.5,6.38,0.950,3.57,3.67,3.84,,
2026-09-13 02:50,"Sat, 12 Sep 2026 17:50:01 GMT",46210,8940C4E5,28.2,1,27.3,6.09,27.4,6.23,29.8,6.34,0.961,3.67,3.68,3.85,,
2026-09-13 03:50,"Sat, 12 Sep 2026 18:50:01 GMT",46188,56F228F7,28.4,1,27.3,5.98,28.1,6.17,29.7,6.36,0.940,3.64,3.74,3.86,,
2026-09-13 04:50,"Sat, 12 Sep 2026 19:50:02 GMT",46308,60204559,28.4,1,27.6,6.29,27.7,6.05,29.8,6.38,0.986,3.80,3.69,3.88,,
2026-09-13 05:50,"Sat, 12 Sep 2026 20:50:00 GMT",19195,EFC0874F,152.2,0,158.9,17.03,170.5,7.31,127.3,12.18,1.398,0.06,0.04,0.16,濃霧,
2026-09-13 06:50,"Sat, 12 Sep 2026 21:50:01 GMT",27158,0F40E410,152.8,0,204.1,19.68,182.8,46.07,71.5,20.34,0.967,0.20,0.28,1.10,薄霧,
2026-09-13 07:50,"Sat, 12 Sep 2026 22:50:01 GMT",19897,C64661DC,153.4,0,164.1,16.61,174.0,9.49,121.9,15.18,1.094,0.05,0.05,0.28,濃霧,
2026-09-13 08:50,"Sat, 12 Sep 2026 23:50:01 GMT",20358,90018033,153.6,0,163.2,16.41,172.0,9.41,125.7,13.60,1.207,0.06,0.04,0.35,濃霧,
2026-09-13 09:50,"Sun, 13 Sep 2026 00:50:01 GMT",23689,E2ED9FD5,158.0,0,175.7,15.59,179.0,12.68,119.4,18.73,0.833,0.07,0.08,0.79,濃霧,
2026-09-13 10:50,"Sun, 13 Sep 2026 01:50:01 GMT",24639,1AE500E1,156.4,0,172.7,15.56,171.9,14.86,124.7,15.75,0.988,0.06,0.14,0.80,濃霧,
2026-09-13 11:50,"Sun, 13 Sep 2026 02:50:01 GMT",24270,174A6EF5,158.2,0,175.4,15.61,175.4,14.30,123.9,16.79,0.930,0.06,0.11,0.77,濃霧,
2026-09-13 12:50,"Sun, 13 Sep 2026 03:50:01 GMT",23005,2CF4ADFD,157.7,0,173.7,15.82,175.2,13.40,124.2,16.06,0.985,0.06,0.10,0.63,濃霧,
2026-09-13 13:50,"Sun, 13 Sep 2026 04:50:01 GMT",22775,A4AA3DC5,156.0,0,170.0,16.23,173.5,12.52,124.5,16.31,0.995,0.05,0.09,0.73,濃霧,
2026-09-13 14:50,"Sun, 13 Sep 2026 05:50:01 GMT",22402,B538EF62,155.5,0,170.0,16.14,174.5,12.29,122.1,13.00,1.242,0.06,0.09,0.58,濃霧,
2026-09-13 15:50,"Sun, 13 Sep 2026 06:50:01 GMT",21502,C30645DB,156.2,0,169.9,16.09,174.3,12.00,124.3,15.29,1.052,0.05,0.07,0.48,濃霧,
2026-09-13 16:50,"Sun, 13 Sep 2026 07:50:01 GMT",21243,F24AA57E,151.9,0,162.2,16.73,170.7,9.78,122.7,17.67,0.947,0.05,0.06,0.49,濃霧,
2026-09-13 17:50,"Sun, 13 Sep 2026 08:50:01 GMT",21055,57E4B447,154.7,0,168.0,16.35,173.7,11.11,122.5,14.67,1.115,0.05,0.07,0.44,濃霧,
2026-09-13 18:50,"Sun, 13 Sep 2026 09:50:01 GMT",52656,2A974C6B,45.7,1,44.1,8.51,46.3,8.09,46.8,22.18,0.384,4.91,4.97,4.85,,
2026-09-13 19:50,"Sun, 13 Sep 2026 10:50:01 GMT",46798,542E6199,29.5,1,28.8,6.26,28.9,6.36,30.7,6.53,0.958,3.79,3.87,4.01,,
2026-09-13 20:50,"Sun, 13 Sep 2026 11:50:01 GMT",46244,9FCFBE43,28.6,1,28.0,6.18,27.9,6.08,29.9,6.34,0.975,3.65,3.67,3.83,,
2026-09-13 21:50,"Sun, 13 Sep 2026 12:50:01 GMT",46234,79301C6A,28.6,1,27.7,6.28,28.1,6.12,29.9,6.46,0.973,3.80,3.71,3.90,,
2026-09-13 22:50,"Sun, 13 Sep 2026 13:50:01 GMT",46253,BC0875F7,28.3,1,27.5,6.19,27.6,6.16,29.8,6.39,0.968,3.71,3.67,3.85,,
2026-09-13 23:50,"Sun, 13 Sep 2026 14:50:01 GMT",45966,FF4BC3F3,28.1,1,27.2,6.02,27.5,6.11,29.6,6.33,0.951,3.62,3.68,3.82,,
2026-09-14 00:50,"Sun, 13 Sep 2026 15:50:01 GMT",46333,4B88E95C,28.3,1,27.4,6.33,27.6,6.08,29.9,6.45,0.983,3.72,3.70,3.91,,
2026-09-14 01:50,"Sun, 13 Sep 2026 16:50:01 GMT",46234,D5CDF9AC,28.2,1,27.2,5.88,27.6,6.14,29.9,6.42,0.915,3.63,3.66,3.94,,
2026-09-14 02:50,"Sun, 13 Sep 2026 17:50:00 GMT",46097,E24180DA,28.1,1,27.0,5.99,27.8,6.15,29.6,6.36,0.943,3.55,3.74,3.88,,
2026-09-14 03:50,"Sun, 13 Sep 2026 18:50:00 GMT",46271,40D870DC,28.3,1,27.3,6.11,27.8,6.12,29.9,6.41,0.954,3.59,3.65,3.83,,
2026-09-14 04:50,"Sun, 13 Sep 2026 19:50:01 GMT",45622,CC200ED0,27.9,1,26.9,5.81,27.4,6.06,29.5,6.19,0.939,3.56,3.63,3.80,,
2026-09-14 05:50,"Sun, 13 Sep 2026 20:50:01 GMT",21212,4C36AD15,156.1,0,170.0,16.51,175.7,10.42,122.6,15.51,1.065,0.05,0.07,0.45,濃霧,
2026-09-14 06:50,"Sun, 13 Sep 2026 21:50:01 GMT",23451,30D7B7F9,156.1,0,168.4,16.61,172.6,12.90,127.2,19.42,0.855,0.05,0.09,0.81,濃霧,
2026-09-14 07:50,"Sun, 13 Sep 2026 22:50:01 GMT",22474,BB544D4B,155.4,0,169.4,16.69,171.4,13.33,125.4,12.98,1.286,0.06,0.09,0.50,濃霧,
2026-09-14 08:50,"Sun, 13 Sep 2026 23:50:01 GMT",22626,351AB2FC,155.8,0,170.1,16.10,173.0,12.94,124.4,16.63,0.968,0.05,0.11,0.63,濃霧,
2026-09-14 09:50,"Mon, 14 Sep 2026 00:50:00 GMT",25322,F9648625,159.9,0,183.6,14.51,178.4,17.53,117.6,22.77,0.637,0.05,0.15,1.04,薄霧,
2026-09-14 10:50,"Mon, 14 Sep 2026 01:50:15 GMT",56296,A2BE58C9,142.3,0,144.4,33.16,133.9,38.29,148.5,43.54,0.762,4.75,5.00,3.71,霧なし,
2026-09-14 11:50,"Mon, 14 Sep 2026 02:50:01 GMT",56931,08FBBFD3,123.2,0,99.8,22.75,107.5,38.07,162.3,47.64,0.478,3.59,4.32,4.93,霧なし,
2026-09-14 12:50,"Mon, 14 Sep 2026 03:50:01 GMT",53744,7407752F,129.2,0,109.4,21.57,129.6,34.82,148.6,43.10,0.500,2.86,4.80,3.48,靄,
2026-09-14 13:50,"Mon, 14 Sep 2026 04:50:01 GMT",25424,96E49804,157.2,0,172.4,15.11,170.7,14.36,128.4,20.29,0.745,0.07,0.18,1.12,薄霧,
2026-09-14 14:50,"Mon, 14 Sep 2026 05:50:01 GMT",51469,C0580824,145.1,0,161.0,10.90,135.8,34.30,138.6,45.35,0.240,0.95,4.69,3.65,靄,
2026-09-14 15:50,"Mon, 14 Sep 2026 06:50:01 GMT",33237,A8E814D3,164.6,0,198.4,11.86,173.0,30.95,122.5,32.29,0.367,0.05,0.64,2.36,靄,
2026-09-14 16:50,"Mon, 14 Sep 2026 07:50:00 GMT",21662,BA92582D,155.9,0,170.4,16.32,173.3,14.33,123.8,13.73,1.189,0.06,0.09,0.48,濃霧,
2026-09-14 17:50,"Mon, 14 Sep 2026 08:50:00 GMT",19570,11410B7E,152.0,0,160.7,16.86,169.4,9.55,126.0,11.70,1.441,0.05,0.06,0.25,濃霧,
2026-09-14 18:50,"Mon, 14 Sep 2026 09:50:01 GMT",50195,19B6325F,37.2,1,36.1,7.25,38.3,9.57,37.0,7.02,1.033,4.48,4.56,4.37,,
2026-09-14 19:50,"Mon, 14 Sep 2026 10:50:01 GMT",46916,EDD734E3,29.8,1,28.4,6.05,29.8,8.63,31.3,6.56,0.922,3.62,3.84,3.96,,
2026-09-14 20:50,"Mon, 14 Sep 2026 11:50:01 GMT",46268,AA7C40C5,28.3,1,27.3,6.25,27.8,6.34,29.8,6.45,0.969,3.69,3.73,3.84,,
2026-09-14 21:50,"Mon, 14 Sep 2026 12:50:01 GMT",46295,B23CB1C4,28.6,1,27.5,6.06,28.1,6.21,30.2,6.37,0.952,3.61,3.68,3.90,,
2026-09-14 22:50,"Mon, 14 Sep 2026 13:50:02 GMT",46066,077A88F4,28.0,1,26.9,5.87,27.6,6.11,29.5,6.40,0.916,3.58,3.66,3.91,,
2026-09-14 23:50,"Mon, 14 Sep 2026 14:50:00 GMT",46115,7F2071DE,28.2,1,27.1,6.20,27.6,6.08,29.8,6.32,0.981,3.61,3.60,3.88,,
2026-09-15 00:50,"Mon, 14 Sep 2026 15:50:01 GMT",45834,FACA9F48,27.8,1,26.8,5.88,27.3,6.03,29.5,6.32,0.931,3.67,3.67,3.83,,
2026-09-15 01:50,"Mon, 14 Sep 2026 16:50:01 GMT",46649,AED1C83E,28.5,1,27.9,6.04,27.7,6.28,29.8,6.43,0.939,3.73,3.76,3.86,,
2026-09-15 02:50,"Mon, 14 Sep 2026 17:50:01 GMT",46442,31504F42,27.9,1,26.8,6.11,27.3,6.14,29.5,6.43,0.951,3.70,3.70,3.90,,
2026-09-15 03:50,"Mon, 14 Sep 2026 18:50:01 GMT",46542,D795915E,28.0,1,27.2,6.17,27.2,6.14,29.6,6.46,0.954,3.64,3.68,3.93,,
2026-09-15 04:50,"Mon, 14 Sep 2026 19:50:01 GMT",45892,72122D84,27.9,1,27.2,5.94,27.2,6.12,29.2,6.28,0.945,3.60,3.68,3.80,,
2026-09-15 05:50,"Mon, 14 Sep 2026 20:50:01 GMT",44059,266FD120,156.2,0,180.9,11.32,156.1,32.30,131.7,41.99,0.270,0.76,2.22,2.94,靄,
2026-09-15 06:50,"Mon, 14 Sep 2026 21:50:01 GMT",20963,6EAE67FF,155.1,0,169.8,16.32,174.0,11.71,121.6,14.74,1.107,0.05,0.07,0.44,濃霧,
2026-09-15 07:50,"Mon, 14 Sep 2026 22:50:01 GMT",22548,84AD400E,155.7,0,176.0,15.25,173.7,14.94,117.4,18.74,0.814,0.06,0.11,0.64,濃霧,
2026-09-15 08:50,"Mon, 14 Sep 2026 23:50:01 GMT",26588,D39122F2,162.0,0,188.8,12.63,175.4,19.22,121.8,24.85,0.508,0.08,0.26,1.22,薄霧,
2026-09-15 09:50,"Tue, 15 Sep 2026 00:50:01 GMT",23297,E9B6330E,157.3,0,172.3,15.90,173.3,13.61,126.5,15.01,1.059,0.05,0.11,0.71,濃霧,
2026-09-15 10:50,"Tue, 15 Sep 2026 01:50:01 GMT",43141,0DF84E5B,154.6,0,173.0,8.36,151.7,26.09,138.9,36.24,0.231,0.57,2.55,2.57,靄,
2026-09-15 11:50,"Tue, 15 Sep 2026 02:50:01 GMT",47390,2819EF0C,151.5,0,166.4,15.66,152.1,29.80,135.9,41.01,0.382,1.36,3.08,3.21,靄,
2026-09-15 12:50,"Tue, 15 Sep 2026 03:50:01 GMT",46245,D0B9E3A1,150.0,0,170.5,14.28,140.6,29.90,139.0,42.77,0.334,0.31,3.45,3.19,靄,
2026-09-15 13:50,"Tue, 15 Sep 2026 04:50:00 GMT",48755,6C98233D,139.4,0,135.2,15.70,137.1,29.34,146.1,41.59,0.377,1.68,3.64,3.05,靄,
2026-09-15 14:50,"Tue, 15 Sep 2026 05:50:01 GMT",48008,BFBA96CA,140.8,0,135.6,12.92,137.9,28.64,148.9,42.00,0.308,1.12,3.63,3.10,靄,
2026-09-15 15:50,"Tue, 15 Sep 2026 06:50:02 GMT",48602,81F6C3BF,135.4,0,124.4,15.37,134.4,28.90,147.3,42.78,0.359,1.58,3.72,3.07,靄,
2026-09-15 16:50,"Tue, 15 Sep 2026 07:50:01 GMT",44609,A45BF027,146.7,0,152.9,10.94,143.8,26.81,143.4,40.36,0.271,0.72,2.88,2.83,靄,
2026-09-15 17:50,"Tue, 15 Sep 2026 08:50:01 GMT",48324,3607E1E7,146.1,0,150.8,10.84,141.4,28.07,146.1,43.03,0.252,0.93,3.32,3.71,霧なし,
2026-09-15 18:50,"Tue, 15 Sep 2026 09:50:01 GMT",53039,182EE207,43.8,1,43.6,8.12,45.3,8.36,42.5,7.81,1.040,4.85,4.95,4.88,,
2026-09-15 19:50,"Tue, 15 Sep 2026 10:50:01 GMT",47154,14BC5E22,30.6,1,27.7,5.93,28.5,6.32,35.5,22.15,0.268,3.67,3.78,4.24,,
2026-09-15 20:50,"Tue, 15 Sep 2026 11:50:00 GMT",46445,A9DAF01F,28.2,1,27.5,6.24,27.4,6.23,29.6,6.44,0.970,3.82,3.70,3.89,,
2026-09-15 21:50,"Tue, 15 Sep 2026 12:50:01 GMT",46235,409BD092,28.2,1,27.0,6.08,27.6,6.16,29.9,6.48,0.939,3.53,3.67,3.87,,
2026-09-15 22:50,"Tue, 15 Sep 2026 13:50:01 GMT",45882,08A35E73,27.8,1,27.0,6.06,27.1,6.10,29.3,6.43,0.943,3.62,3.66,3.78,,
2026-09-15 23:50,"Tue, 15 Sep 2026 14:50:01 GMT",45667,51785579,27.5,1,26.7,5.99,26.8,6.05,29.0,6.33,0.946,3.63,3.60,3.84,,
2026-09-16 00:50,"Tue, 15 Sep 2026 15:50:01 GMT",46217,52ABBC2D,28.0,1,27.1,6.08,27.4,6.08,29.6,6.44,0.945,3.66,3.69,3.91,,
2026-09-16 01:50,"Tue, 15 Sep 2026 16:50:01 GMT",46276,B57D816D,28.1,1,27.2,6.13,27.6,6.17,29.7,6.41,0.956,3.63,3.72,3.86,,
2026-09-16 02:50,"Tue, 15 Sep 2026 17:50:01 GMT",46303,6F9A9A28,28.0,1,27.4,6.13,27.2,6.13,29.4,6.33,0.968,3.65,3.73,3.88,,
2026-09-16 03:50,"Tue, 15 Sep 2026 18:50:01 GMT",46408,36935A95,28.1,1,27.1,6.00,27.6,6.10,29.6,6.44,0.932,3.51,3.68,3.87,,
2026-09-16 04:50,"Tue, 15 Sep 2026 19:50:01 GMT",46722,CEAEAB8E,28.3,1,27.0,6.00,27.7,6.17,30.1,6.50,0.923,3.61,3.71,3.93,,
2026-09-16 05:50,"Tue, 15 Sep 2026 20:50:01 GMT",19584,0C0D7442,151.4,0,159.3,17.28,171.1,6.55,123.9,14.03,1.232,0.09,0.05,0.19,濃霧,
2026-09-16 06:50,"Tue, 15 Sep 2026 21:50:01 GMT",23692,23554A8A,159.2,0,180.1,15.06,179.4,14.49,118.3,20.71,0.727,0.05,0.12,0.83,濃霧,
2026-09-16 07:50,"Tue, 15 Sep 2026 22:50:01 GMT",19506,15FB59E0,150.4,0,158.5,16.91,169.9,7.31,122.8,13.88,1.219,0.06,0.04,0.21,濃霧,
2026-09-16 08:50,"Tue, 15 Sep 2026 23:50:01 GMT",19386,EA0FD939,154.1,0,162.6,17.27,171.8,9.58,128.0,12.78,1.351,0.06,0.05,0.16,濃霧,
2026-09-16 09:50,"Wed, 16 Sep 2026 00:50:01 GMT",27984,00043669,150.5,0,155.2,15.15,168.3,21.08,128.1,29.03,0.522,0.25,0.47,1.43,薄霧,
2026-09-16 10:50,"Wed, 16 Sep 2026 01:50:00 GMT",22784,803F502A,148.9,0,154.0,16.18,167.2,9.03,125.6,18.43,0.878,0.07,0.17,0.69,濃霧,
2026-09-16 11:50,"Wed, 16 Sep 2026 02:50:01 GMT",50941,A536B6D7,138.3,0,134.6,12.97,132.5,34.77,147.9,43.54,0.298,1.41,4.17,3.25,靄,
2026-09-16 12:50,"Wed, 16 Sep 2026 03:50:02 GMT",41694,413BED9C,157.5,0,192.4,8.78,141.3,31.04,139.0,38.12,0.230,0.27,2.67,2.52,靄,
2026-09-16 13:50,"Wed, 16 Sep 2026 04:50:01 GMT",22128,160DC11A,155.3,0,166.2,16.58,173.3,11.02,126.3,12.95,1.281,0.06,0.09,0.59,濃霧,
2026-09-16 14:50,"Wed, 16 Sep 2026 05:50:01 GMT",45929,A43FF6CB,149.9,0,160.8,10.78,144.4,31.62,144.4,42.04,0.257,0.56,3.21,2.93,靄,
2026-09-16 15:50,"Wed, 16 Sep 2026 06:50:01 GMT",48782,125B7A8C,141.7,0,141.2,12.36,135.3,35.08,148.6,45.62,0.271,1.18,3.89,3.04,靄,
2026-09-16 16:50,"Wed, 16 Sep 2026 07:50:01 GMT",24607,F1290873,155.6,0,167.0,17.19,172.6,11.85,127.3,20.08,0.856,0.05,0.13,1.05,薄霧,
2026-09-16 17:50,"Wed, 16 Sep 2026 08:50:00 GMT",26099,1852753D,158.3,0,180.4,14.08,176.6,16.21,117.8,21.79,0.646,0.05,0.22,1.17,薄霧,
2026-09-16 18:50,"Wed, 16 Sep 2026 09:50:01 GMT",51134,E6D464C4,38.2,1,35.4,7.96,41.6,25.12,37.5,8.95,0.890,4.43,4.87,4.46,,
2026-09-16 19:50,"Wed, 16 Sep 2026 10:50:01 GMT",47461,ADF132FF,31.3,1,29.6,6.39,33.1,19.78,31.2,6.55,0.975,3.82,4.21,3.96,,
2026-09-16 20:50,"Wed, 16 Sep 2026 11:50:01 GMT",45979,8C00AA50,28.0,1,26.5,5.82,28.3,12.47,29.2,6.32,0.921,3.61,3.83,3.76,,
2026-09-16 21:50,"Wed, 16 Sep 2026 12:50:01 GMT",46003,2DB6425C,27.9,1,26.7,5.83,27.7,9.39,29.4,6.36,0.918,3.58,3.73,3.84,,
2026-09-16 22:50,"Wed, 16 Sep 2026 13:50:02 GMT",46456,7DC62982,28.6,1,27.4,5.88,28.4,9.10,30.0,6.47,0.909,3.56,3.79,3.89,,
2026-09-16 23:50,"Wed, 16 Sep 2026 14:50:01 GMT",47273,2AC24554,29.2,1,27.9,6.16,29.7,8.36,30.0,6.39,0.964,3.76,3.84,3.90,,
2026-09-17 00:50,"Wed, 16 Sep 2026 15:50:00 GMT",45809,A9F9A69F,27.7,1,26.6,5.96,27.2,6.40,29.3,6.33,0.941,3.60,3.63,3.87,,
2026-09-17 01:50,"Wed, 16 Sep 2026 16:50:01 GMT",45520,832AF8C6,27.8,1,26.6,5.77,27.4,6.03,29.3,6.22,0.928,3.60,3.61,3.79,,
2026-09-17 02:50,"Wed, 16 Sep 2026 17:50:01 GMT",45906,415EBCF7,28.2,1,27.4,6.15,27.4,5.97,29.9,6.32,0.974,3.75,3.56,3.77,,
2026-09-17 03:50,"Wed, 16 Sep 2026 18:50:01 GMT",45908,4B09F770,28.0,1,27.0,5.78,27.5,6.00,29.5,6.35,0.910,3.41,3.63,3.79,,
2026-09-17 04:50,"Wed, 16 Sep 2026 19:50:01 GMT",45871,B605DA41,27.9,1,27.0,6.11,27.4,6.04,29.4,6.35,0.961,3.64,3.60,3.83,,
2026-09-17 05:50,"Wed, 16 Sep 2026 20:50:01 GMT",54191,F294EA66,137.1,0,129.8,27.41,141.4,35.79,140.2,42.62,0.643,2.58,4.74,3.25,靄,
2026-09-17 06:50,"Wed, 16 Sep 2026 21:50:01 GMT",56422,945BBD82,135.1,0,123.3,27.39,139.2,35.64,143.0,43.78,0.626,3.03,5.15,3.57,靄,
2026-09-17 07:50,"Wed, 16 Sep 2026 22:50:01 GMT",62454,CF3852C8,133.7,0,128.9,33.74,122.3,46.46,150.0,46.50,0.726,4.88,6.23,4.82,霧なし,
2026-09-17 08:50,"Wed, 16 Sep 2026 23:50:01 GMT",62291,76B5A1C8,125.4,0,110.8,26.79,108.8,46.16,156.6,45.44,0.590,4.95,7.00,4.81,霧なし,
2026-09-17 09:50,"Thu, 17 Sep 2026 00:50:01 GMT",61039,77C10C09,125.0,0,102.6,22.85,113.7,39.39,158.8,46.31,0.493,4.07,6.32,4.48,霧なし,
2026-09-17 10:50,"Thu, 17 Sep 2026 01:50:01 GMT",56678,ABE327E0,120.7,0,94.4,19.92,117.5,35.31,150.3,45.40,0.439,2.54,5.11,3.76,霧なし,
2026-09-17 11:50,"Thu, 17 Sep 2026 02:50:01 GMT",58265,F07CE1C7,125.2,0,111.3,23.92,122.4,37.20,142.0,48.73,0.491,3.74,5.34,4.53,霧なし,
2026-09-17 12:50,"Thu, 17 Sep 2026 03:50:01 GMT",57327,A7126ABF,115.8,0,76.8,24.92,113.7,37.42,156.9,51.15,0.487,2.40,5.66,4.06,霧なし,
2026-09-17 13:50,"Thu, 17 Sep 2026 04:50:01 GMT",57756,FAC3AA3B,128.3,0,111.4,23.11,125.8,38.43,147.8,48.39,0.478,3.38,5.39,4.05,霧なし,
2026-09-17 14:50,"Thu, 17 Sep 2026 05:50:00 GMT",57135,F9DF57D7,121.1,0,100.0,22.30,125.3,39.11,138.1,49.13,0.454,3.53,5.75,4.42,霧なし,
2026-09-17 15:50,"Thu, 17 Sep 2026 06:50:01 GMT",58193,BC87D7E0,129.6,0,111.5,20.58,132.8,39.43,144.5,48.62,0.423,3.36,5.35,4.28,霧なし,
2026-09-17 16:50,"Thu, 17 Sep 2026 07:50:01 GMT",56954,5E42660D,124.5,0,100.7,22.46,136.5,41.22,136.5,48.81,0.460,3.76,5.55,4.69,霧なし,
2026-09-17 17:50,"Thu, 17 Sep 2026 08:50:01 GMT",19979,D94286F5,153.4,0,163.2,16.81,173.2,8.50,123.8,15.29,1.100,0.05,0.05,0.35,濃霧,
2026-09-17 18:50,"Thu, 17 Sep 2026 09:50:01 GMT",51176,BBC668E3,51.9,1,48.7,11.16,71.0,51.35,35.9,7.19,1.550,5.05,4.94,4.30,,
2026-09-17 19:50,"Thu, 17 Sep 2026 10:50:01 GMT",46095,E2B31CCA,29.3,1,27.6,6.13,31.0,18.73,29.4,6.23,0.985,3.67,4.00,3.83,,
2026-09-17 20:50,"Thu, 17 Sep 2026 11:50:01 GMT",45984,0C85E96E,28.8,1,26.9,6.01,29.6,16.56,29.9,7.49,0.803,3.53,3.78,3.79,,
2026-09-17 21:50,"Thu, 17 Sep 2026 12:50:00 GMT",46241,A681A6AD,30.0,1,29.3,6.89,31.0,15.71,29.7,6.28,1.097,3.81,3.95,3.80,,
2026-09-17 22:50,"Thu, 17 Sep 2026 13:50:01 GMT",46288,02CAE703,29.3,1,28.1,6.41,29.7,13.91,29.9,6.42,0.998,3.72,3.93,3.86,,
2026-09-17 23:50,"Thu, 17 Sep 2026 14:50:01 GMT",45990,2E5B1653,28.2,1,27.2,5.98,27.6,6.09,29.8,6.30,0.950,3.60,3.67,3.80,,
2026-09-18 00:50,"Thu, 17 Sep 2026 15:50:01 GMT",46050,3934218F,28.0,1,27.1,5.99,27.4,6.39,29.6,6.42,0.933,3.61,3.64,3.83,,
2026-09-18 01:50,"Thu, 17 Sep 2026 16:50:01 GMT",46369,7A86FA85,28.7,1,27.5,6.05,28.3,6.16,30.2,6.50,0.932,3.59,3.69,3.92,,
2026-09-18 02:50,"Thu, 17 Sep 2026 17:50:02 GMT",45957,A2415464,28.1,1,27.1,6.00,27.6,6.07,29.5,6.30,0.952,3.50,3.63,3.82,,
2026-09-18 03:50,"Thu, 17 Sep 2026 18:50:01 GMT",45736,2550CCE5,27.8,1,26.9,5.78,27.5,6.11,29.1,6.27,0.922,3.61,3.72,3.80,,
2026-09-18 04:50,"Thu, 17 Sep 2026 19:50:01 GMT",46196,D6A87004,28.2,1,27.2,5.95,27.6,6.34,29.7,6.36,0.935,3.60,3.74,3.88,,
2026-09-18 05:50,"Thu, 17 Sep 2026 20:50:01 GMT",23890,F8222290,146.4,0,160.6,16.57,163.4,11.42,115.3,16.36,1.013,0.17,0.20,0.84,濃霧,
2026-09-18 06:50,"Thu, 17 Sep 2026 21:50:01 GMT",30389,0BAC1057,156.1,0,169.9,11.63,158.9,16.07,139.5,26.83,0.433,0.09,0.91,1.47,薄霧,
2026-09-18 07:50,"Thu, 17 Sep 2026 22:50:01 GMT",20061,D01D1492,148.5,0,155.4,15.75,162.6,8.68,127.4,13.85,1.137,0.06,0.09,0.27,濃霧,
2026-09-18 08:50,"Thu, 17 Sep 2026 23:50:02 GMT",20637,C961BC2E,154.8,0,167.6,16.54,173.3,9.98,123.3,13.90,1.189,0.05,0.06,0.37,濃霧,
2026-09-18 09:50,"Fri, 18 Sep 2026 00:50:01 GMT",19460,3AD6A248,150.0,0,156.3,17.01,168.5,6.93,125.1,12.47,1.364,0.05,0.04,0.20,濃霧,
2026-09-18 10:50,"Fri, 18 Sep 2026 01:50:01 GMT",31024,54FB7893,152.1,0,161.7,14.62,165.4,11.81,129.3,30.54,0.479,0.13,0.57,1.75,薄霧,
2026-09-18 11:50,"Fri, 18 Sep 2026 02:50:00 GMT",20448,1198B22D,154.4,0,165.8,16.81,174.7,9.08,122.9,16.90,0.995,0.06,0.05,0.38,濃霧,
2026-09-18 12:50,"Fri, 18 Sep 2026 03:50:00 GMT",19173,A4FE51BE,150.5,0,158.1,17.32,169.7,7.32,123.9,13.70,1.265,0.06,0.03,0.17,濃霧,
2026-09-18 13:50,"Fri, 18 Sep 2026 04:50:01 GMT",20891,BC1BE326,153.4,0,166.1,17.14,172.5,10.58,121.5,15.59,1.099,0.07,0.07,0.43,濃霧,
2026-09-18 14:50,"Fri, 18 Sep 2026 05:50:01 GMT",19844,D9A82623,151.8,0,162.8,17.03,173.0,8.62,119.6,15.89,1.072,0.05,0.05,0.28,濃霧,
2026-09-18 15:50,"Fri, 18 Sep 2026 06:50:01 GMT",19887,0650CFEF,152.7,0,162.0,17.16,173.0,7.98,122.9,14.84,1.156,0.06,0.04,0.27,濃霧,
2026-09-18 16:50,"Fri, 18 Sep 2026 07:50:01 GMT",20427,1398CE21,153.2,0,163.2,16.07,165.3,11.63,131.0,11.74,1.368,0.04,0.10,0.29,濃霧,
2026-09-18 17:50,"Fri, 18 Sep 2026 08:50:01 GMT",25172,88E6E88B,158.3,0,176.2,13.78,170.7,14.78,128.1,17.40,0.792,0.06,0.19,0.94,濃霧,
2026-09-18 18:50,"Fri, 18 Sep 2026 09:50:01 GMT",49081,EF0C9F75,33.8,1,32.2,6.74,33.9,6.77,35.3,6.95,0.970,4.15,4.18,4.31,,
2026-09-18 19:50,"Fri, 18 Sep 2026 10:50:01 GMT",47325,0374FFE9,30.9,1,30.2,6.43,32.0,9.89,30.6,6.46,0.995,3.81,4.06,3.92,,
2026-09-18 20:50,"Fri, 18 Sep 2026 11:50:01 GMT",46728,BEFCAC6D,29.9,1,27.4,6.18,28.4,6.22,34.0,13.39,0.462,3.66,3.74,4.09,,
2026-09-18 21:50,"Fri, 18 Sep 2026 12:50:01 GMT",45870,5EE583A9,28.0,1,26.8,5.87,27.7,6.91,29.4,6.27,0.937,3.56,3.71,3.82,,
2026-09-18 22:50,"Fri, 18 Sep 2026 13:50:01 GMT",45768,B7645E57,27.7,1,26.7,5.98,27.1,7.17,29.2,6.31,0.947,3.63,3.59,3.83,,
2026-09-18 23:50,"Fri, 18 Sep 2026 14:50:01 GMT",45577,6D2234CE,27.9,1,26.8,5.89,27.4,6.01,29.5,6.28,0.939,3.62,3.67,3.80,,
2026-09-19 00:50,"Fri, 18 Sep 2026 15:50:01 GMT",45495,10D04812,27.6,1,26.6,5.85,27.1,5.95,29.2,6.27,0.932,3.56,3.59,3.80,,
2026-09-19 01:50,"Fri, 18 Sep 2026 16:50:01 GMT",45555,17E924B6,27.8,1,26.8,5.97,27.4,6.02,29.3,6.23,0.959,3.64,3.62,3.75,,
2026-09-19 02:50,"Fri, 18 Sep 2026 17:50:01 GMT",45546,C1B2FB2E,27.7,1,26.7,5.95,27.0,6.07,29.3,6.25,0.951,3.67,3.61,3.80,,
2026-09-19 03:50,"Fri, 18 Sep 2026 18:50:01 GMT",45661,8A066AF5,27.7,1,26.7,5.87,27.0,6.01,29.3,6.27,0.936,3.51,3.58,3.78,,
2026-09-19 04:50,"Fri, 18 Sep 2026 19:50:02 GMT",45834,83DCA987,28.0,1,27.2,5.95,27.3,6.01,29.6,6.31,0.943,3.64,3.63,3.84,,
2026-09-19 05:50,"Fri, 18 Sep 2026 20:50:01 GMT",52339,FBCAC615,128.0,0,111.0,25.56,127.6,32.93,145.4,43.39,0.589,2.41,3.92,3.02,靄,
2026-09-19 06:50,"Fri, 18 Sep 2026 21:50:01 GMT",57406,2C539E0F,131.6,0,129.9,30.23,129.6,43.53,135.2,44.74,0.676,4.53,5.18,4.03,霧なし,
2026-09-19 07:50,"Fri, 18 Sep 2026 22:50:01 GMT",57850,6774FDAB,137.4,0,133.3,30.88,136.8,35.96,142.2,45.41,0.680,4.24,5.14,3.55,靄,
2026-09-19 08:50,"Fri, 18 Sep 2026 23:50:01 GMT",55195,ABED08EB,129.6,0,109.9,23.74,127.5,33.05,151.4,43.54,0.545,3.01,4.83,3.56,靄,
2026-09-19 09:50,"Sat, 19 Sep 2026 00:50:01 GMT",54827,95E86338,115.3,0,87.1,18.86,94.1,32.68,164.8,47.20,0.400,2.29,4.81,4.20,霧なし,
2026-09-19 10:50,"Sat, 19 Sep 2026 01:50:01 GMT",57016,BDA9006C,121.1,0,89.2,19.95,122.7,35.82,151.3,50.26,0.397,2.29,5.36,4.60,霧なし,
2026-09-19 11:50,"Sat, 19 Sep 2026 02:50:01 GMT",56765,3D31EFF5,123.1,0,99.5,19.64,125.3,37.28,144.4,49.66,0.396,2.59,5.22,3.81,霧なし,
2026-09-19 12:50,"Sat, 19 Sep 2026 03:50:01 GMT",57149,FE37BECE,119.1,0,87.9,19.91,124.2,38.42,145.2,48.35,0.412,2.47,5.94,4.61,霧なし,
2026-09-19 13:50,"Sat, 19 Sep 2026 04:50:01 GMT",59797,7ECD1284,131.4,0,120.4,28.39,130.2,39.80,143.6,48.24,0.589,3.54,6.29,4.43,霧なし,
2026-09-19 14:50,"Sat, 19 Sep 2026 05:50:01 GMT",61748,9BAAA992,114.8,0,93.9,24.01,124.9,46.45,125.7,54.20,0.443,3.56,6.79,4.10,霧なし,
2026-09-19 15:50,"Sat, 19 Sep 2026 06:50:01 GMT",61220,42445BAD,132.5,0,129.5,30.80,127.3,40.45,140.6,48.41,0.636,4.02,6.86,4.22,霧なし,
2026-09-19 16:50,"Sat, 19 Sep 2026 07:50:01 GMT",58632,A540155E,159.2,0,200.3,24.93,147.3,52.78,129.9,47.31,0.527,4.95,6.30,3.83,霧なし,
2026-09-19 17:50,"Sat, 19 Sep 2026 08:50:01 GMT",57915,1E7A92B1,120.4,0,88.3,15.74,128.5,38.31,144.4,49.72,0.317,1.89,6.64,4.02,霧なし,
2026-09-19 18:50,"Sat, 19 Sep 2026 09:50:01 GMT",52261,BB827C62,41.8,1,35.6,8.49,54.6,49.57,35.2,8.00,1.060,4.49,5.68,4.35,,
2026-09-19 19:50,"Sat, 19 Sep 2026 10:50:01 GMT",50083,E369F909,36.2,1,31.3,7.60,42.5,36.18,34.7,15.70,0.484,4.15,5.19,4.26,,
2026-09-19 20:50,"Sat, 19 Sep 2026 11:50:01 GMT",49832,F0919ACA,35.5,1,29.4,6.50,37.7,29.08,39.4,31.05,0.209,3.89,4.69,4.32,,
2026-09-19 21:50,"Sat, 19 Sep 2026 12:50:01 GMT",46853,19C7058E,29.1,1,27.7,6.30,30.3,15.77,29.3,6.30,1.000,3.74,4.09,3.78,,
2026-09-19 22:50,"Sat, 19 Sep 2026 13:50:00 GMT",46239,DDC95ECA,28.5,1,26.7,6.01,29.5,18.44,29.3,6.29,0.956,3.65,3.91,3.78,,
2026-09-19 23:50,"Sat, 19 Sep 2026 14:50:01 GMT",46353,7F635EBC,28.2,1,27.3,5.92,28.3,12.26,29.1,6.32,0.938,3.56,3.84,3.84,,
2026-09-20 00:50,"Sat, 19 Sep 2026 15:50:01 GMT",46271,E275F207,28.0,1,26.8,5.78,28.2,13.16,29.1,6.32,0.915,3.62,3.76,3.83,,
2026-09-20 01:50,"Sat, 19 Sep 2026 16:50:01 GMT",46161,F3591C06,28.3,1,27.3,6.08,28.3,11.39,29.4,6.35,0.957,3.60,3.75,3.84,,
2026-09-20 02:50,"Sat, 19 Sep 2026 17:50:01 GMT",46605,0901311A,28.7,1,27.6,6.14,28.6,11.83,29.8,6.39,0.962,3.66,3.78,3.90,,
2026-09-20 03:50,"Sat, 19 Sep 2026 18:50:01 GMT",46563,043197CE,28.5,1,27.0,5.76,28.8,10.56,29.6,7.02,0.820,3.48,3.80,3.83,,
2026-09-20 04:50,"Sat, 19 Sep 2026 19:50:01 GMT",46232,71591667,28.4,1,27.2,6.05,28.3,12.36,29.7,6.30,0.960,3.66,3.80,3.84,,
2026-09-20 05:50,"Sat, 19 Sep 2026 20:50:01 GMT",52021,A7D27AFF,140.4,0,142.6,18.31,137.0,35.83,141.4,43.17,0.424,1.20,4.12,3.99,霧なし,
2026-09-20 06:50,"Sat, 19 Sep 2026 21:50:01 GMT",63028,87D505D3,130.7,0,127.4,31.08,126.2,47.58,138.5,46.41,0.670,4.81,6.56,5.04,霧なし,
2026-09-20 07:50,"Sat, 19 Sep 2026 22:50:01 GMT",68514,5E91E759,127.0,0,121.4,31.06,112.4,50.25,147.2,52.11,0.596,5.61,7.99,5.55,霧なし,
2026-09-20 08:50,"Sat, 19 Sep 2026 23:50:01 GMT",66549,1812BC1E,124.4,0,108.7,24.99,108.3,49.95,156.1,57.19,0.437,4.27,7.19,6.00,霧なし,
2026-09-20 09:50,"Sun, 20 Sep 2026 00:50:01 GMT",64156,0457F180,121.6,0,97.6,19.92,110.9,45.12,156.2,52.79,0.377,3.03,6.65,5.08,霧なし,
2026-09-20 10:50,"Sun, 20 Sep 2026 01:50:01 GMT",64098,2B37190F,120.0,0,90.4,18.50,114.0,43.16,155.6,56.79,0.326,3.05,6.76,4.92,霧なし,
2026-09-20 11:50,"Sun, 20 Sep 2026 02:50:01 GMT",65526,B633A7F4,115.5,0,84.2,16.73,114.2,44.71,148.0,56.09,0.298,2.98,8.00,5.39,霧なし,
2026-09-20 12:50,"Sun, 20 Sep 2026 03:50:00 GMT",66465,43E67F2C,115.1,0,82.1,16.74,120.1,47.43,142.9,54.83,0.305,3.09,8.32,6.11,霧なし,
2026-09-20 13:50,"Sun, 20 Sep 2026 04:50:01 GMT",65745,A28630A5,118.5,0,88.8,18.24,129.0,47.69,137.8,54.16,0.337,3.32,8.33,5.82,霧なし,
2026-09-20 14:50,"Sun, 20 Sep 2026 05:50:01 GMT",65263,FEB2A65E,115.0,0,82.1,17.32,123.9,48.20,139.2,52.91,0.327,3.32,8.74,5.98,霧なし,
2026-09-20 15:50,"Sun, 20 Sep 2026 06:50:01 GMT",68304,5BE3EC81,115.6,0,86.6,18.59,128.2,46.44,132.1,63.66,0.292,3.43,8.40,6.63,霧なし,
2026-09-20 16:50,"Sun, 20 Sep 2026 07:50:01 GMT",63486,1964ED5E,123.1,0,98.5,21.66,137.9,48.39,132.8,55.17,0.393,4.40,8.77,5.51,霧なし,
2026-09-20 17:50,"Sun, 20 Sep 2026 08:50:01 GMT",66308,2DCAF96B,133.8,0,132.1,31.12,143.8,48.72,125.5,59.46,0.523,7.20,7.59,4.80,霧なし,
2026-09-20 18:50,"Sun, 20 Sep 2026 09:50:01 GMT",55008,375E2085,52.8,1,40.9,9.90,73.9,57.38,43.6,16.44,0.602,4.57,5.88,4.86,,
2026-09-20 19:50,"Sun, 20 Sep 2026 10:50:00 GMT",50402,1CCB50F5,37.8,1,29.6,6.42,36.7,30.09,47.0,34.34,0.187,3.94,4.78,4.85,,
2026-09-20 20:50,"Sun, 20 Sep 2026 11:50:01 GMT",47203,FFA63114,29.7,1,27.3,6.01,31.4,18.71,30.6,6.53,0.920,3.62,4.24,3.93,,
2026-09-20 21:50,"Sun, 20 Sep 2026 12:50:01 GMT",47308,F76B672A,28.9,1,27.4,6.16,29.0,10.95,30.3,6.44,0.958,3.75,3.94,3.91,,
2026-09-20 22:50,"Sun, 20 Sep 2026 13:50:01 GMT",47811,19E45E06,31.1,1,32.9,6.97,29.9,13.44,30.4,6.41,1.086,4.20,3.99,3.90,,
2026-09-20 23:50,"Sun, 20 Sep 2026 14:50:01 GMT",46225,3B65E62B,28.2,1,27.1,5.93,27.8,8.58,29.6,6.32,0.938,3.55,3.75,3.88,,
2026-09-21 00:50,"Sun, 20 Sep 2026 15:50:01 GMT",45969,5887FC0E,28.2,1,27.4,6.15,27.9,7.31,29.4,6.40,0.960,3.72,3.70,3.86,,
2026-09-21 01:50,"Sun, 20 Sep 2026 16:50:01 GMT",45746,79FA21F1,28.1,1,27.0,5.96,27.6,6.75,29.6,6.33,0.942,3.61,3.67,3.80,,
2026-09-21 02:50,"Sun, 20 Sep 2026 17:50:01 GMT",46255,A1DB2BEA,28.3,1,27.2,5.91,27.8,6.69,29.9,6.40,0.924,3.52,3.73,3.90,,
2026-09-21 03:50,"Sun, 20 Sep 2026 18:50:01 GMT",46484,5F5A1C11,28.2,1,27.2,6.12,27.8,6.68,29.7,6.46,0.948,3.74,3.70,3.90,,
2026-09-21 04:50,"Sun, 20 Sep 2026 19:50:01 GMT",51360,328CA5B7,37.1,1,32.1,6.77,36.9,13.88,42.5,10.16,0.666,4.01,4.32,4.71,,
2026-09-21 05:50,"Sun, 20 Sep 2026 20:50:01 GMT",30109,57E25252,156.3,0,169.5,14.86,168.6,21.57,130.7,26.28,0.565,0.13,0.78,1.37,薄霧,
2026-09-21 06:50,"Sun, 20 Sep 2026 21:50:01 GMT",37864,5E62E9BB,148.7,0,171.4,11.39,160.2,28.81,114.6,36.90,0.309,0.56,1.78,2.92,靄,
2026-09-21 07:50,"Sun, 20 Sep 2026 22:50:01 GMT",65264,E6E6723D,125.9,0,111.0,27.03,116.6,47.25,150.2,52.35,0.516,3.77,7.69,4.99,霧なし,
2026-09-21 08:50,"Sun, 20 Sep 2026 23:50:01 GMT",60796,987E7605,124.8,0,110.2,19.61,118.2,37.95,145.8,52.76,0.372,2.67,5.64,4.72,霧なし,
2026-09-21 09:50,"Mon, 21 Sep 2026 00:50:01 GMT",63006,C8CBA228,119.6,0,89.5,17.76,116.6,42.23,152.7,51.69,0.344,2.85,6.91,4.71,霧なし,
2026-09-21 10:50,"Mon, 21 Sep 2026 01:50:01 GMT",63277,76BCBE61,125.8,0,108.1,25.83,128.1,45.42,141.1,52.72,0.490,3.65,7.08,5.14,霧なし,
2026-09-21 11:50,"Mon, 21 Sep 2026 02:50:01 GMT",65499,F1CAE89B,127.1,0,112.5,23.42,127.7,42.93,141.2,55.78,0.420,4.08,6.86,5.98,霧なし,
2026-09-21 12:50,"Mon, 21 Sep 2026 03:50:01 GMT",63327,7C1DF629,102.6,0,64.3,14.87,100.2,43.41,143.5,54.55,0.273,2.02,7.11,5.20,霧なし,
2026-09-21 13:50,"Mon, 21 Sep 2026 04:50:01 GMT",63565,DDC971F2,145.4,0,172.1,24.42,129.9,44.41,134.3,50.75,0.481,4.92,7.06,4.39,霧なし,
2026-09-21 14:50,"Mon, 21 Sep 2026 05:50:01 GMT",60937,DB5CBB1A,109.4,0,75.1,15.51,122.9,43.58,130.1,58.32,0.266,1.93,7.37,5.16,霧なし,
2026-09-21 15:50,"Mon, 21 Sep 2026 06:50:01 GMT",61141,8FB21502,120.7,0,97.0,17.83,127.7,43.44,137.5,53.54,0.333,2.43,7.94,3.81,霧なし,
2026-09-21 16:50,"Mon, 21 Sep 2026 07:50:00 GMT",62894,5A38197C,124.6,0,100.0,17.44,131.2,43.29,142.5,48.67,0.358,2.49,7.64,4.27,霧なし,
2026-09-21 17:50,"Mon, 21 Sep 2026 08:50:01 GMT",58902,2C927637,117.6,0,84.0,15.63,123.8,41.23,144.8,49.27,0.317,2.08,7.20,3.71,霧なし,
2026-09-21 18:50,"Mon, 21 Sep 2026 09:50:01 GMT",44133,64A8F3F6,46.2,1,26.7,5.26,34.2,21.71,77.5,72.12,0.073,2.73,3.32,3.50,,
2026-09-21 19:50,"Mon, 21 Sep 2026 10:50:01 GMT",51186,50E4289C,40.3,1,31.0,6.65,37.6,24.64,52.4,39.69,0.168,4.04,4.89,4.82,,
2026-09-21 20:50,"Mon, 21 Sep 2026 11:50:01 GMT",48813,4AB5EACF,31.4,1,28.2,6.21,34.0,22.91,32.1,7.83,0.793,3.69,4.57,4.04,,
2026-09-21 21:50,"Mon, 21 Sep 2026 12:50:01 GMT",48601,5CEFA3E6,37.4,1,30.5,6.69,33.3,18.81,48.3,40.27,0.166,3.85,4.24,4.44,,
2026-09-21 22:50,"Mon, 21 Sep 2026 13:50:01 GMT",46863,0B849918,29.6,1,28.0,6.18,29.3,9.84,31.4,6.70,0.922,3.72,3.84,3.98,,
2026-09-21 23:50,"Mon, 21 Sep 2026 14:50:00 GMT",46116,0369EAB8,28.5,1,27.3,6.02,28.4,7.31,29.7,6.32,0.952,3.59,3.80,3.86,,
2026-09-22 00:50,"Mon, 21 Sep 2026 15:50:01 GMT",46391,3905835D,28.3,1,27.6,6.02,27.9,6.81,29.3,6.34,0.949,3.66,3.73,3.83,,
2026-09-22 01:50,"Mon, 21 Sep 2026 16:50:01 GMT",46264,3EB8FC7D,27.9,1,26.7,6.13,27.4,6.28,29.6,6.42,0.955,3.63,3.65,3.85,,
2026-09-22 02:50,"Mon, 21 Sep 2026 17:50:01 GMT",47471,7D5702D5,29.6,1,27.5,6.06,28.0,7.56,33.2,9.16,0.662,3.64,3.68,4.19,,
2026-09-22 03:50,"Mon, 21 Sep 2026 18:50:01 GMT",46016,9E7CBC26,27.9,1,26.7,5.97,27.8,11.89,29.2,6.24,0.956,3.70,3.70,3.76,,
2026-09-22 04:50,"Mon, 21 Sep 2026 19:50:01 GMT",46384,F321CDC3,29.2,1,27.1,5.92,27.7,6.65,32.9,19.14,0.309,3.60,3.66,4.02,,
2026-09-22 05:50,"Mon, 21 Sep 2026 20:50:01 GMT",55107,D8363FBD,130.3,0,112.7,20.06,137.4,40.24,140.7,44.92,0.447,1.91,5.88,3.22,靄,
2026-09-22 06:50,"Mon, 21 Sep 2026 21:50:00 GMT",63186,A78BE262,125.3,0,111.9,28.85,124.5,46.07,139.4,50.06,0.576,3.77,6.34,4.65,霧なし,
2026-09-22 07:50,"Mon, 21 Sep 2026 22:50:01 GMT",70145,688EBDD7,125.4,0,116.9,28.14,110.0,50.68,149.3,57.12,0.493,5.24,8.49,5.45,霧なし,
2026-09-22 08:50,"Mon, 21 Sep 2026 23:50:01 GMT",69601,7EF4F69F,121.3,0,112.7,24.12,114.2,52.77,137.1,70.13,0.344,4.62,7.84,6.36,霧なし,
2026-09-22 09:50,"Tue, 22 Sep 2026 00:50:01 GMT",68168,553EC71B,117.7,0,100.3,19.81,116.2,47.82,136.6,63.84,0.310,3.77,7.38,5.53,霧なし,
2026-09-22 10:50,"Tue, 22 Sep 2026 01:50:01 GMT",68811,B36212B4,113.8,0,88.8,16.89,116.6,47.34,135.9,66.54,0.254,3.56,8.22,6.22,霧なし,
2026-09-22 11:50,"Tue, 22 Sep 2026 02:50:01 GMT",70581,80B94472,112.4,0,84.5,16.27,120.8,47.06,131.9,67.97,0.239,3.64,8.94,6.67,霧なし,
2026-09-22 12:50,"Tue, 22 Sep 2026 03:50:01 GMT",68304,545BE0C7,113.6,0,79.2,15.68,118.3,46.37,143.3,64.36,0.244,3.39,8.11,5.88,霧なし,
2026-09-22 13:50,"Tue, 22 Sep 2026 04:50:01 GMT",65894,3FBAF0F9,110.6,0,71.6,13.93,110.3,46.09,149.8,62.57,0.223,2.86,8.33,5.77,霧なし,
2026-09-22 14:50,"Tue, 22 Sep 2026 05:50:01 GMT",70784,47890316,114.8,0,87.1,18.38,129.0,46.67,128.4,70.74,0.260,3.76,8.39,6.41,霧なし,
2026-09-22 15:50,"Tue, 22 Sep 2026 06:50:01 GMT",67874,A8BEB82E,116.2,0,89.6,19.58,132.0,47.63,127.0,58.79,0.333,4.08,9.17,6.53,霧なし,
2026-09-22 16:50,"Tue, 22 Sep 2026 07:50:01 GMT",65376,8E40D7C1,119.9,0,99.7,22.40,138.5,49.78,121.5,53.07,0.422,4.89,8.95,5.76,霧なし,
2026-09-22 17:50,"Tue, 22 Sep 2026 08:50:01 GMT",63616,F0BD42DB,133.1,0,130.4,26.93,141.5,43.31,127.3,49.20,0.547,5.80,7.92,3.97,霧なし,
2026-09-22 18:50,"Tue, 22 Sep 2026 09:50:01 GMT",56823,70A34F00,55.0,1,44.3,11.59,76.3,55.24,44.3,12.61,0.920,5.17,6.30,4.96,,
2026-09-22 19:50,"Tue, 22 Sep 2026 10:50:01 GMT",51449,68BFD8C7,39.4,1,30.5,6.71,52.1,47.34,35.6,13.15,0.510,3.95,5.64,4.28,,
2026-09-22 20:50,"Tue, 22 Sep 2026 11:50:01 GMT",48692,4B6099C7,31.5,1,27.9,6.21,35.1,26.61,31.5,6.72,0.924,3.73,4.75,4.03,,
2026-09-22 21:50,"Tue, 22 Sep 2026 12:50:00 GMT",48578,15B8F0D1,30.9,1,28.6,6.32,32.4,17.04,31.7,6.70,0.945,3.70,4.38,4.04,,
2026-09-22 22:50,"Tue, 22 Sep 2026 13:50:01 GMT",53367,7E5575D5,39.3,1,31.7,6.64,40.9,23.43,45.3,15.64,0.425,4.06,4.64,5.09,,
2026-09-22 23:50,"Tue, 22 Sep 2026 14:50:01 GMT",47584,C0655F93,30.0,1,28.3,6.22,30.4,10.23,31.4,6.68,0.930,3.74,3.94,3.99,,
2026-09-23 00:50,"Tue, 22 Sep 2026 15:50:01 GMT",46417,A5130F89,28.7,1,27.9,6.22,28.3,6.68,29.9,6.37,0.977,3.78,3.69,3.87,,
2026-09-23 01:50,"Tue, 22 Sep 2026 16:50:01 GMT",46527,F2C08936,28.4,1,27.3,6.03,27.7,6.13,30.2,7.81,0.772,3.58,3.73,3.91,,
2026-09-23 02:50,"Tue, 22 Sep 2026 17:50:01 GMT",46521,EEE5ABE6,28.2,1,27.3,5.92,27.6,7.80,29.6,8.49,0.698,3.65,3.67,3.90,,
2026-09-23 03:50,"Tue, 22 Sep 2026 18:50:00 GMT",49999,AE4BB387,43.0,1,28.8,6.36,29.1,6.90,71.1,65.66,0.097,3.86,3.81,4.94,,
2026-09-23 04:50,"Tue, 22 Sep 2026 19:50:01 GMT",51893,9406E395,34.9,1,27.7,6.08,29.1,9.54,48.0,23.35,0.261,3.66,3.99,6.13,,
2026-09-23 05:50,"Tue, 22 Sep 2026 20:50:01 GMT",54542,AB35B267,139.2,0,134.6,22.04,137.5,37.13,145.4,45.91,0.480,1.95,5.24,3.62,靄,
2026-09-23 06:50,"Tue, 22 Sep 2026 21:50:01 GMT",61302,ED81FCB3,136.9,0,139.2,28.21,129.9,47.23,141.5,46.05,0.613,3.52,6.56,4.65,霧なし,
2026-09-23 07:50,"Tue, 22 Sep 2026 22:50:01 GMT",69629,AFAAC479,132.5,0,135.0,28.98,119.2,52.03,143.4,61.37,0.472,4.96,8.65,6.10,霧なし,
2026-09-23 08:50,"Tue, 22 Sep 2026 23:50:01 GMT",64974,6894EA23,128.9,0,117.2,24.49,114.0,51.39,155.4,54.53,0.449,4.40,7.66,4.73,霧なし,
2026-09-23 09:50,"Wed, 23 Sep 2026 00:50:01 GMT",67555,7C24FF50,117.1,0,99.0,20.49,111.2,44.12,141.2,68.69,0.298,3.78,6.87,6.35,霧なし,
2026-09-23 10:50,"Wed, 23 Sep 2026 01:50:00 GMT",65413,95565C6A,120.4,0,95.1,18.47,120.5,42.69,145.7,62.90,0.294,3.84,6.81,5.91,霧なし,
2026-09-23 11:50,"Wed, 23 Sep 2026 02:50:01 GMT",62241,7DEAF297,119.7,0,85.8,17.29,122.5,42.88,150.6,54.81,0.315,3.37,7.04,4.83,霧なし,
2026-09-23 12:50,"Wed, 23 Sep 2026 03:50:01 GMT",61223,6CF97F5F,116.1,0,82.3,16.42,113.5,41.50,152.5,55.31,0.297,3.26,6.61,4.13,霧なし,
2026-09-23 13:50,"Wed, 23 Sep 2026 04:50:01 GMT",64976,1C3E739A,117.2,0,84.0,17.34,122.9,44.34,144.8,60.29,0.288,3.41,7.73,5.61,霧なし,
2026-09-23 14:50,"Wed, 23 Sep 2026 05:50:01 GMT",63409,305EF68A,118.0,0,85.4,18.05,123.4,42.64,145.2,56.01,0.322,3.55,7.54,4.80,霧なし,
2026-09-23 15:50,"Wed, 23 Sep 2026 06:50:01 GMT",62529,DCC914B3,121.4,0,92.4,20.44,132.1,43.32,139.6,53.98,0.379,3.95,7.34,5.03,霧なし,
2026-09-23 16:50,"Wed, 23 Sep 2026 07:50:01 GMT",60929,326B0B4B,123.4,0,108.1,24.18,143.8,45.68,118.4,54.15,0.446,5.17,7.27,5.10,霧なし,
2026-09-23 17:50,"Wed, 23 Sep 2026 08:50:00 GMT",55704,CFA48C3F,126.8,0,105.8,19.25,134.6,37.59,139.9,49.37,0.390,2.70,5.45,3.70,霧なし,
2026-09-23 18:50,"Wed, 23 Sep 2026 09:50:01 GMT",51297,54DED6DE,43.3,1,30.6,6.51,36.0,23.10,63.2,61.70,0.105,4.02,4.75,4.86,,
2026-09-23 19:50,"Wed, 23 Sep 2026 10:50:01 GMT",53340,2D34995A,46.5,1,31.6,7.21,36.8,20.01,71.1,48.50,0.149,4.12,4.66,5.34,,
2026-09-23 20:50,"Wed, 23 Sep 2026 11:50:01 GMT",47825,179558F7,30.0,1,27.9,6.18,30.6,13.47,31.6,6.83,0.904,3.73,4.14,4.07,,
2026-09-23 21:50,"Wed, 23 Sep 2026 12:50:01 GMT",47611,3CC8BE78,30.2,1,28.1,6.04,30.4,12.35,31.9,6.79,0.889,3.74,4.02,3.98,,
2026-09-23 22:50,"Wed, 23 Sep 2026 13:50:01 GMT",47265,E5DABC29,29.7,1,27.6,6.08,29.6,10.40,31.9,6.77,0.899,3.75,3.96,4.06,,
2026-09-23 23:50,"Wed, 23 Sep 2026 14:50:01 GMT",46837,32113A1C,29.6,1,27.9,6.03,29.3,9.78,31.5,6.62,0.910,3.68,3.84,3.95,,
2026-09-24 00:50,"Wed, 23 Sep 2026 15:50:01 GMT",47431,0FA5381E,30.0,1,28.1,6.08,30.1,14.78,31.6,6.68,0.911,3.80,3.94,3.98,,
2026-09-24 01:50,"Wed, 23 Sep 2026 16:50:00 GMT",46342,8A2D5B84,28.5,1,27.5,5.97,28.1,6.33,29.8,6.44,0.927,3.67,3.74,3.87,,
2026-09-24 02:50,"Wed, 23 Sep 2026 17:50:01 GMT",46212,BB11775B,27.9,1,26.9,5.96,27.3,6.06,29.6,6.33,0.940,3.61,3.69,3.85,,
2026-09-24 03:50,"Wed, 23 Sep 2026 18:50:01 GMT",46081,36C07182,28.1,1,27.2,5.96,27.3,6.08,29.7,6.47,0.922,3.57,3.60,3.89,,
2026-09-24 04:50,"Wed, 23 Sep 2026 19:50:01 GMT",46122,B3A2B8D1,28.2,1,27.2,5.99,28.0,9.03,29.4,6.32,0.949,3.67,3.79,3.81,,
2026-09-24 05:50,"Wed, 23 Sep 2026 20:50:01 GMT",44394,876CA4F6,152.0,0,167.7,13.37,147.5,32.83,140.8,35.80,0.374,0.98,3.07,2.56,靄,
2026-09-24 06:50,"Wed, 23 Sep 2026 21:50:01 GMT",47360,032D8CFD,147.9,0,169.7,20.38,142.7,44.01,131.4,47.94,0.425,1.06,2.96,3.92,霧なし,
2026-09-24 07:50,"Wed, 23 Sep 2026 22:50:01 GMT",56475,0E913C50,140.8,0,146.4,22.28,128.4,44.96,147.5,43.53,0.512,3.16,5.46,4.05,霧なし,
2026-09-24 08:50,"Wed, 23 Sep 2026 23:50:01 GMT",58997,753DB3B8,131.3,0,120.3,21.71,118.4,46.69,155.2,45.83,0.474,3.71,5.97,4.42,霧なし,
2026-09-24 09:50,"Thu, 24 Sep 2026 00:50:01 GMT",59080,EFAE5196,126.2,0,102.7,20.14,117.4,44.01,158.6,44.57,0.452,3.50,6.65,3.91,霧なし,
2026-09-24 10:50,"Thu, 24 Sep 2026 01:50:01 GMT",58393,810209B2,123.6,0,94.8,16.90,120.0,40.07,155.9,46.52,0.363,3.29,5.97,3.93,霧なし,
2026-09-24 11:50,"Thu, 24 Sep 2026 02:50:01 GMT",59883,2054DC5F,121.8,0,91.2,17.89,121.7,40.94,152.6,52.38,0.341,3.43,6.41,4.22,霧なし,
2026-09-24 12:50,"Thu, 24 Sep 2026 03:50:01 GMT",60215,767B6916,119.3,0,85.2,16.66,121.4,41.02,151.2,48.99,0.340,3.14,6.82,4.27,霧なし,
2026-09-24 13:50,"Thu, 24 Sep 2026 04:50:01 GMT",54440,30E68378,134.5,0,123.5,21.94,136.1,37.60,143.9,44.16,0.497,3.31,5.39,3.16,靄,
2026-09-24 14:50,"Thu, 24 Sep 2026 05:50:00 GMT",54371,599266D9,112.6,0,70.1,21.83,113.8,40.22,153.9,48.21,0.453,1.95,5.36,3.61,靄,
2026-09-24 15:50,"Thu, 24 Sep 2026 06:50:01 GMT",55766,A5761AD7,112.1,0,71.9,21.25,117.5,38.95,147.0,51.21,0.415,2.14,5.50,4.16,霧なし,
2026-09-24 16:50,"Thu, 24 Sep 2026 07:50:01 GMT",59089,72DEE909,120.9,0,92.6,21.51,138.4,42.34,131.9,55.74,0.386,3.60,6.39,5.66,霧なし,
2026-09-24 17:50,"Thu, 24 Sep 2026 08:50:01 GMT",53928,E1A30919,129.3,0,114.9,17.99,136.2,34.31,136.8,50.08,0.359,2.40,4.47,4.22,霧なし,
2026-09-24 18:50,"Thu, 24 Sep 2026 09:50:01 GMT",48549,CCA33375,32.0,1,30.5,6.37,30.8,12.82,34.7,17.62,0.361,3.97,4.09,4.31,,
2026-09-24 19:50,"Thu, 24 Sep 2026 10:50:01 GMT",48107,4DF9DEA5,31.0,1,30.0,6.52,30.9,9.85,32.2,6.80,0.958,3.97,4.04,4.14,,
2026-09-24 20:50,"Thu, 24 Sep 2026 11:50:01 GMT",49214,CD67D285,33.7,1,32.4,6.62,33.8,6.92,35.0,7.06,0.938,4.02,4.23,4.28,,
2026-09-24 21:50,"Thu, 24 Sep 2026 12:50:00 GMT",50992,4F5A86D3,39.2,1,35.6,7.36,44.3,20.04,37.8,7.31,1.006,4.38,4.59,4.39,,
2026-09-24 22:50,"Thu, 24 Sep 2026 13:50:01 GMT",47715,252AE265,30.6,1,28.6,6.44,30.0,9.52,33.2,7.21,0.893,3.83,3.92,4.19,,
2026-09-24 23:50,"Thu, 24 Sep 2026 14:50:01 GMT",47512,4AE2906C,30.6,1,28.7,6.11,29.4,6.36,33.9,7.28,0.839,3.66,3.78,4.16,,
2026-09-25 00:50,"Thu, 24 Sep 2026 15:50:01 GMT",47192,CF51AC1C,30.2,1,28.4,6.15,29.5,6.41,32.7,6.92,0.888,3.69,3.81,4.09,,
2026-09-25 01:50,"Thu, 24 Sep 2026 16:50:01 GMT",47255,C930964B,30.8,1,29.9,6.49,31.0,6.45,31.6,6.54,0.993,4.05,3.94,4.02,,
2026-09-25 02:50,"Thu, 24 Sep 2026 17:50:01 GMT",47066,44162952,29.6,1,28.2,6.10,29.5,6.46,31.0,6.59,0.926,3.73,3.75,3.93,,
2026-09-25 03:50,"Thu, 24 Sep 2026 18:50:01 GMT",45964,7637467A,28.0,1,27.1,5.98,27.5,6.73,29.5,6.29,0.952,3.61,3.70,3.81,,
2026-09-25 04:50,"Thu, 24 Sep 2026 19:50:00 GMT",45544,295B023D,27.5,1,26.4,5.81,27.0,5.95,29.3,6.25,0.929,3.53,3.59,3.75,,
2026-09-25 05:50,"Thu, 24 Sep 2026 20:50:01 GMT",45132,51F1E898,151.6,0,170.4,15.88,149.7,30.48,134.7,36.86,0.431,1.22,2.91,2.62,靄,
2026-09-25 06:50,"Thu, 24 Sep 2026 21:50:01 GMT",19489,39D54E03,150.7,0,161.0,17.40,171.6,10.42,119.4,13.42,1.297,0.07,0.05,0.12,濃霧,
2026-09-25 07:50,"Thu, 24 Sep 2026 22:50:01 GMT",39052,75AAC91C,156.9,0,185.7,11.20,153.0,26.87,132.0,40.59,0.276,0.11,1.72,2.30,靄,
2026-09-25 08:50,"Thu, 24 Sep 2026 23:50:01 GMT",21925,3CB6494D,148.6,0,151.2,15.61,162.0,7.88,132.8,14.60,1.069,0.08,0.11,0.40,濃霧,
2026-09-25 09:50,"Fri, 25 Sep 2026 00:50:01 GMT",57502,4164405F,126.7,0,105.1,19.17,118.6,41.03,156.4,45.18,0.424,3.22,5.72,3.89,霧なし,
2026-09-25 10:50,"Fri, 25 Sep 2026 01:50:01 GMT",57992,DE71CD6B,134.8,0,116.5,20.26,137.0,39.89,151.0,51.19,0.396,3.14,6.08,4.28,霧なし,
2026-09-25 11:50,"Fri, 25 Sep 2026 02:50:00 GMT",57445,1003C25A,134.5,0,122.0,21.89,140.6,42.94,140.8,47.78,0.458,4.35,6.14,3.71,霧なし,
2026-09-25 12:50,"Fri, 25 Sep 2026 03:50:01 GMT",54206,63C772A9,128.3,0,105.2,16.60,129.1,36.61,150.4,45.69,0.363,2.17,5.34,3.38,靄,
2026-09-25 13:50,"Fri, 25 Sep 2026 04:50:01 GMT",54668,F0DC1397,127.4,0,100.6,17.32,132.4,38.60,149.1,46.59,0.372,3.08,5.25,3.58,靄,
2026-09-25 14:50,"Fri, 25 Sep 2026 05:50:01 GMT",52457,521DD513,128.2,0,105.3,16.25,131.7,36.53,147.4,47.72,0.341,1.90,4.76,3.52,靄,
2026-09-25 15:50,"Fri, 25 Sep 2026 06:50:01 GMT",44905,F6171BD4,155.6,0,181.5,10.70,144.4,36.07,140.7,42.68,0.251,0.19,3.36,3.04,靄,
2026-09-25 16:50,"Fri, 25 Sep 2026 07:50:01 GMT",23777,26A51320,158.7,0,177.2,15.37,180.0,15.19,118.8,21.40,0.718,0.06,0.10,0.82,濃霧,
2026-09-25 17:50,"Fri, 25 Sep 2026 08:50:01 GMT",18571,A2053481,148.9,0,151.4,17.13,165.8,5.32,129.6,10.93,1.567,0.07,0.03,0.07,濃霧,
2026-09-25 18:50,"Fri, 25 Sep 2026 09:50:01 GMT",53549,F58BD506,47.8,1,43.0,8.47,54.0,21.48,46.4,9.94,0.852,4.80,4.97,4.86,,
2026-09-25 19:50,"Fri, 25 Sep 2026 10:50:01 GMT",48821,329EE762,33.4,1,32.5,6.78,33.5,6.73,34.4,6.89,0.984,4.20,4.16,4.20,,
2026-09-25 20:50,"Fri, 25 Sep 2026 11:50:01 GMT",48717,C9003CF9,33.6,1,32.7,6.71,34.0,6.81,34.1,6.75,0.994,4.15,4.21,4.18,,
2026-09-25 21:50,"Fri, 25 Sep 2026 12:50:01 GMT",49614,62EB796A,35.7,1,35.4,7.13,36.1,7.06,35.6,6.84,1.042,4.36,4.43,4.28,,
2026-09-25 22:50,"Fri, 25 Sep 2026 13:50:01 GMT",49277,F985AA10,34.5,1,33.7,6.89,35.1,6.81,34.7,6.81,1.011,4.15,4.24,4.23,,
2026-09-25 23:50,"Fri, 25 Sep 2026 14:50:01 GMT",47218,9A3BC098,30.0,1,28.6,6.33,29.2,6.38,32.2,6.80,0.931,3.80,3.79,4.03,,
2026-09-26 00:50,"Fri, 25 Sep 2026 15:50:01 GMT",47526,92D009EA,30.8,1,29.6,6.30,30.1,6.50,32.7,6.84,0.921,3.88,3.90,4.07,,
2026-09-26 01:50,"Fri, 25 Sep 2026 16:50:00 GMT",46626,9C62EB2E,28.7,1,28.0,6.05,28.0,6.16,30.2,6.46,0.936,3.62,3.72,3.92,,
2026-09-26 02:50,"Fri, 25 Sep 2026 17:50:01 GMT",46475,3AD1A3DC,28.6,1,27.9,6.07,27.9,6.04,30.1,6.44,0.942,3.65,3.69,3.91,,
2026-09-26 03:50,"Fri, 25 Sep 2026 18:50:01 GMT",46933,6DF19F5F,29.2,1,28.3,6.06,28.7,6.22,30.6,6.50,0.933,3.65,3.79,3.96,,
2026-09-26 04:50,"Fri, 25 Sep 2026 19:50:01 GMT",46677,256E5826,28.7,1,27.7,6.15,28.1,6.15,30.4,6.47,0.950,3.76,3.77,3.95,,
2026-09-26 05:50,"Fri, 25 Sep 2026 20:50:01 GMT",19860,3103D705,140.8,0,144.7,17.62,156.8,5.37,121.0,11.11,1.586,0.21,0.14,0.23,濃霧,
2026-09-26 06:50,"Fri, 25 Sep 2026 21:50:01 GMT",20046,7C17E6A1,153.4,0,163.9,16.90,172.8,8.87,123.5,15.11,1.118,0.05,0.04,0.26,濃霧,
2026-09-26 07:50,"Fri, 25 Sep 2026 22:50:01 GMT",20432,38DA62AA,153.4,0,162.3,16.90,171.5,9.06,126.4,13.94,1.212,0.06,0.04,0.28,濃霧,
2026-09-26 08:50,"Fri, 25 Sep 2026 23:50:00 GMT",19752,F5369CB1,152.4,0,158.8,17.00,169.8,7.52,128.6,12.05,1.410,0.05,0.04,0.21,濃霧,
2026-09-26 09:50,"Sat, 26 Sep 2026 00:50:01 GMT",22042,7E7798BC,155.7,0,170.1,16.65,176.0,12.00,120.9,16.71,0.996,0.06,0.07,0.65,濃霧,
2026-09-26 10:50,"Sat, 26 Sep 2026 01:50:01 GMT",28976,5EF5FC41,162.0,0,191.1,12.97,177.0,22.35,117.9,29.00,0.447,0.05,0.34,1.72,薄霧,
2026-09-26 11:50,"Sat, 26 Sep 2026 02:50:01 GMT",26586,AB45CF24,161.6,0,185.4,13.46,173.0,22.17,126.3,21.85,0.616,0.04,0.33,1.24,薄霧,
2026-09-26 12:50,"Sat, 26 Sep 2026 03:50:01 GMT",20351,AA0FB1E5,153.5,0,160.8,16.98,167.5,13.61,132.2,13.53,1.255,0.06,0.09,0.19,濃霧,
2026-09-26 13:50,"Sat, 26 Sep 2026 04:50:01 GMT",19958,ED1DABA8,153.8,0,162.8,16.96,173.5,8.03,125.0,13.81,1.229,0.05,0.04,0.25,濃霧,
2026-09-26 14:50,"Sat, 26 Sep 2026 05:50:01 GMT",23000,DFCE86F7,157.1,0,175.6,15.59,179.2,12.04,116.6,19.71,0.791,0.06,0.08,0.69,濃霧,
2026-09-26 15:50,"Sat, 26 Sep 2026 06:50:00 GMT",20662,8B5D4EAB,153.1,0,165.7,16.86,173.0,9.77,120.6,14.93,1.130,0.06,0.05,0.40,濃霧,
2026-09-26 16:50,"Sat, 26 Sep 2026 07:50:00 GMT",19218,D6BC5BF3,150.6,0,156.2,17.18,168.5,7.11,127.2,10.78,1.594,0.04,0.03,0.15,濃霧,
2026-09-26 17:50,"Sat, 26 Sep 2026 08:50:01 GMT",21098,722A304B,136.0,0,140.2,16.73,152.2,6.02,115.8,10.59,1.579,0.30,0.22,0.40,濃霧,
2026-09-26 18:50,"Sat, 26 Sep 2026 09:50:01 GMT",49441,BCC02B84,34.7,1,32.8,6.72,34.0,6.79,37.1,11.70,0.574,4.20,4.18,4.46,,
2026-09-26 19:50,"Sat, 26 Sep 2026 10:50:01 GMT",47008,FA162E79,29.9,1,29.0,6.24,29.6,6.36,31.1,6.43,0.970,3.74,3.84,3.97,,
2026-09-26 20:50,"Sat, 26 Sep 2026 11:50:01 GMT",48894,DF255A78,33.1,1,32.2,6.69,33.6,6.81,33.6,6.74,0.993,4.14,4.15,4.18,,
2026-09-26 21:50,"Sat, 26 Sep 2026 12:50:01 GMT",48081,4021CCD6,32.2,1,32.2,6.91,32.5,10.93,31.8,6.64,1.041,4.05,4.11,3.99,,
2026-09-26 22:50,"Sat, 26 Sep 2026 13:50:00 GMT",51398,CD98B6E5,39.7,1,39.5,7.51,41.2,7.58,38.4,7.28,1.032,4.63,4.73,4.55,,
2026-09-26 23:50,"Sat, 26 Sep 2026 14:50:01 GMT",50070,99F183D5,37.0,1,35.9,7.47,40.6,17.20,34.6,7.09,1.054,4.43,4.56,4.30,,
2026-09-27 00:50,"Sat, 26 Sep 2026 15:50:01 GMT",47303,47E33702,29.9,1,28.5,6.21,29.4,7.77,31.8,6.64,0.935,3.73,3.91,4.02,,
2026-09-27 01:50,"Sat, 26 Sep 2026 16:50:01 GMT",47165,C7A4BE38,29.7,1,28.6,6.40,29.4,6.89,31.0,6.66,0.961,3.82,3.80,3.98,,
2026-09-27 02:50,"Sat, 26 Sep 2026 17:50:01 GMT",47110,ADAD776A,28.7,1,27.3,5.96,28.9,9.02,29.9,6.46,0.922,3.65,3.85,3.93,,
2026-09-27 03:50,"Sat, 26 Sep 2026 18:50:01 GMT",47682,66796452,30.2,1,29.2,6.27,30.8,7.50,30.8,6.54,0.960,3.81,3.92,3.99,,
2026-09-27 04:50,"Sat, 26 Sep 2026 19:50:01 GMT",46778,110517FB,28.8,1,27.9,6.03,28.5,6.55,30.1,6.40,0.942,3.63,3.79,3.88,,
2026-09-27 05:50,"Sat, 26 Sep 2026 20:50:00 GMT",24883,D741AAF9,146.0,0,164.4,15.22,160.1,12.31,113.5,14.02,1.085,0.24,0.29,0.79,濃霧,
2026-09-27 06:50,"Sat, 26 Sep 2026 21:50:01 GMT",55019,48BD2D91,128.7,0,106.1,21.77,131.0,34.14,148.9,45.82,0.475,2.65,4.89,3.34,靄,
2026-09-27 07:50,"Sat, 26 Sep 2026 22:50:02 GMT",53732,31D5682D,129.0,0,106.3,19.70,128.2,35.82,152.4,46.91,0.420,2.19,4.63,3.06,靄,
2026-09-27 08:50,"Sat, 26 Sep 2026 23:50:01 GMT",19741,4676A139,151.0,0,158.1,17.06,169.1,7.89,125.8,11.42,1.494,0.06,0.04,0.22,濃霧,
2026-09-27 09:50,"Sun, 27 Sep 2026 00:50:01 GMT",32435,1C22E01C,159.5,0,187.5,12.68,164.9,27.14,126.1,27.98,0.453,0.07,1.01,1.71,薄霧,
2026-09-27 10:50,"Sun, 27 Sep 2026 01:50:01 GMT",55191,5B0CE9E6,126.2,0,101.0,19.96,127.5,37.19,150.0,47.53,0.420,2.26,4.94,3.24,靄,
2026-09-27 11:50,"Sun, 27 Sep 2026 02:50:01 GMT",50694,5E7BC77A,135.5,0,124.8,14.68,131.7,34.63,150.1,46.26,0.317,1.57,4.23,3.03,靄,
2026-09-27 12:50,"Sun, 27 Sep 2026 03:50:01 GMT",50253,1E8EBE8C,136.4,0,128.0,13.71,132.0,35.96,149.1,46.79,0.293,1.46,4.04,2.96,靄,
2026-09-27 13:50,"Sun, 27 Sep 2026 04:50:01 GMT",20569,4671A892,152.6,0,163.9,16.70,170.7,10.53,123.2,11.85,1.410,0.05,0.06,0.34,濃霧,
2026-09-27 14:50,"Sun, 27 Sep 2026 05:50:01 GMT",26043,E723335A,159.9,0,177.6,15.24,172.7,16.67,129.3,19.22,0.793,0.05,0.24,1.06,薄霧,
2026-09-27 15:50,"Sun, 27 Sep 2026 06:50:01 GMT",52433,DEF0DEBB,131.2,0,114.7,17.35,130.0,34.87,148.9,45.80,0.379,1.81,4.42,3.01,靄,
2026-09-27 16:50,"Sun, 27 Sep 2026 07:50:01 GMT",26416,357B22BE,152.5,0,159.8,17.30,169.9,12.04,127.8,22.13,0.782,0.08,0.24,1.18,薄霧,
2026-09-27 17:50,"Sun, 27 Sep 2026 08:50:01 GMT",51053,EFE204D4,126.9,0,104.0,21.89,130.1,32.34,146.7,45.76,0.478,2.21,3.96,2.94,靄,
2026-09-27 18:50,"Sun, 27 Sep 2026 09:50:01 GMT",46625,A1910553,28.6,1,27.7,6.27,27.7,6.98,30.4,6.51,0.963,3.72,3.69,3.97,,
2026-09-27 19:50,"Sun, 27 Sep 2026 10:50:01 GMT",46109,0D72E0D9,28.1,1,26.8,5.84,27.7,8.21,29.7,6.44,0.906,3.50,3.63,3.85,,
2026-09-27 20:50,"Sun, 27 Sep 2026 11:50:01 GMT",46241,034C24DA,28.2,1,27.1,6.00,27.7,6.16,29.7,6.35,0.944,3.58,3.70,3.85,,
2026-09-27 21:50,"Sun, 27 Sep 2026 12:50:01 GMT",46436,ABBBF140,28.3,1,27.3,5.95,27.8,6.13,29.8,6.44,0.923,3.63,3.70,3.88,,
2026-09-27 22:50,"Sun, 27 Sep 2026 13:50:02 GMT",47054,A77C309E,30.1,1,29.1,6.37,29.7,6.36,31.5,6.49,0.982,3.90,3.84,4.01,,
2026-09-27 23:50,"Sun, 27 Sep 2026 14:50:02 GMT",47618,6D827241,31.8,1,31.3,6.61,31.9,6.54,32.1,6.64,0.996,3.93,4.03,4.03,,
2026-09-28 00:50,"Sun, 27 Sep 2026 15:50:02 GMT",46837,9A1E67AA,29.7,1,29.2,6.27,29.3,6.28,30.7,6.34,0.989,3.83,3.83,3.89,,
2026-09-28 01:50,"Sun, 27 Sep 2026 16:50:02 GMT",47279,DD67925D,30.1,1,29.2,6.16,30.2,6.39,31.0,6.44,0.957,3.74,3.90,3.98,,
2026-09-28 02:50,"Sun, 27 Sep 2026 17:50:01 GMT",48085,9544FC1F,31.7,1,31.2,6.48,31.8,6.60,32.1,6.62,0.979,4.05,4.05,4.07,,
2026-09-28 03:50,"Sun, 27 Sep 2026 18:50:01 GMT",47958,55676B78,31.2,1,30.8,6.57,30.9,6.50,31.9,6.65,0.988,4.02,4.02,4.03,,
2026-09-28 04:50,"Sun, 27 Sep 2026 19:50:01 GMT",47137,16E3D28A,29.7,1,28.9,6.34,29.2,6.32,30.9,6.42,0.987,3.88,3.82,3.91,,
2026-09-28 05:50,"Sun, 27 Sep 2026 20:50:01 GMT",32261,7426126F,97.4,1,100.0,12.73,110.8,6.33,81.5,8.37,1.521,1.37,1.47,1.18,,
2026-09-28 06:50,"Sun, 27 Sep 2026 21:50:01 GMT",20066,17585931,153.3,0,161.9,16.83,172.6,8.43,125.4,12.60,1.335,0.06,0.04,0.26,濃霧,
2026-09-28 07:50,"Sun, 27 Sep 2026 22:50:01 GMT",19089,A99C88E3,150.8,0,155.3,17.06,168.6,6.34,128.4,11.16,1.529,0.06,0.04,0.12,濃霧,
2026-09-28 08:50,"Sun, 27 Sep 2026 23:50:01 GMT",20945,D414BE9E,155.8,0,168.8,16.89,174.7,11.25,123.7,13.50,1.251,0.06,0.07,0.34,濃霧,
2026-09-28 09:50,"Mon, 28 Sep 2026 00:50:00 GMT",19133,DAE4175D,148.8,0,153.3,16.97,166.6,6.33,126.5,11.35,1.496,0.08,0.03,0.12,濃霧,
2026-09-28 10:50,"Mon, 28 Sep 2026 01:50:01 GMT",20339,5E84C34B,152.7,0,161.0,16.91,171.3,8.80,125.8,10.91,1.550,0.05,0.05,0.28,濃霧,
2026-09-28 11:50,"Mon, 28 Sep 2026 02:50:01 GMT",32985,103115D9,162.2,0,191.5,12.45,166.4,28.17,128.6,30.01,0.415,0.05,0.79,1.87,薄霧,
2026-09-28 12:50,"Mon, 28 Sep 2026 03:50:01 GMT",52847,AD524DEB,126.0,0,100.6,18.85,132.0,31.28,145.4,46.11,0.409,1.95,4.66,3.39,靄,
2026-09-28 13:50,"Mon, 28 Sep 2026 04:50:01 GMT",25633,23A3247E,153.0,0,173.6,15.86,175.0,13.94,110.4,25.03,0.634,0.06,0.10,1.31,薄霧,
2026-09-28 14:50,"Mon, 28 Sep 2026 05:50:01 GMT",51080,64223253,134.3,0,122.7,13.71,136.0,27.68,144.2,46.27,0.296,1.33,3.99,3.54,靄,
2026-09-28 15:50,"Mon, 28 Sep 2026 06:50:01 GMT",53574,91AA4A9A,130.0,0,109.5,19.62,132.8,31.08,147.8,44.01,0.446,2.38,4.58,3.53,靄,
2026-09-28 16:50,"Mon, 28 Sep 2026 07:50:01 GMT",52382,9D680C5B,128.2,0,105.9,18.67,129.8,30.17,149.0,44.13,0.423,2.17,4.27,3.30,靄,
2026-09-28 17:50,"Mon, 28 Sep 2026 08:50:00 GMT",27224,EB25E272,150.4,0,156.4,14.11,163.2,9.52,131.6,24.46,0.577,0.13,0.39,1.34,薄霧,
2026-09-28 18:50,"Mon, 28 Sep 2026 09:50:01 GMT",46920,2BDAA36E,28.3,1,27.1,6.13,27.8,7.59,30.0,6.52,0.940,3.71,3.81,3.92,,
2026-09-28 19:50,"Mon, 28 Sep 2026 10:50:01 GMT",46687,B6B05F82,28.5,1,27.5,6.25,27.9,6.18,30.2,6.43,0.973,3.69,3.72,3.92,,
2026-09-28 20:50,"Mon, 28 Sep 2026 11:50:01 GMT",47236,4EA2FEE5,29.5,1,28.3,6.15,29.2,6.36,31.1,6.46,0.953,3.80,3.83,3.98,,
2026-09-28 21:50,"Mon, 28 Sep 2026 12:50:01 GMT",46843,8450CFED,28.9,1,27.9,6.20,28.4,6.24,30.4,6.52,0.951,3.62,3.80,3.95,,
2026-09-28 22:50,"Mon, 28 Sep 2026 13:50:01 GMT",47012,8F95B7A4,29.6,1,29.3,6.13,28.9,6.34,30.5,6.46,0.948,3.80,3.86,3.96,,
2026-09-28 23:50,"Mon, 28 Sep 2026 14:50:00 GMT",46564,DA384A98,28.7,1,27.7,6.15,28.2,6.18,30.3,6.35,0.969,3.72,3.79,3.89,,
2026-09-29 00:50,"Mon, 28 Sep 2026 15:50:01 GMT",47066,1B7A1B53,29.8,1,29.2,6.25,29.6,6.30,30.6,6.51,0.960,3.82,3.84,3.95,,
2026-09-29 01:50,"Mon, 28 Sep 2026 16:50:01 GMT",46913,72B9B044,29.5,1,28.4,6.26,29.4,6.33,30.8,6.51,0.961,3.78,3.85,4.01,,
2026-09-29 02:50,"Mon, 28 Sep 2026 17:50:01 GMT",47415,5DC3793D,29.9,1,28.9,6.34,29.5,6.42,31.3,6.45,0.983,3.84,3.88,3.98,,
2026-09-29 03:50,"Mon, 28 Sep 2026 18:50:01 GMT",48966,BBE7FA37,33.3,1,32.7,6.84,33.4,6.74,33.7,6.90,0.992,4.21,4.14,4.20,,
2026-09-29 04:50,"Mon, 28 Sep 2026 19:50:01 GMT",47543,C4447FAB,30.0,1,29.3,6.27,29.6,6.39,31.2,6.63,0.945,3.81,3.90,4.02,,
2026-09-29 05:50,"Mon, 28 Sep 2026 20:50:01 GMT",33325,7D86FCA2,105.2,0,120.1,15.52,119.5,12.35,76.0,11.26,1.378,1.25,1.34,1.27,薄霧,
2026-09-29 06:50,"Mon, 28 Sep 2026 21:50:01 GMT",24769,0CE3B656,156.3,0,169.5,15.60,168.1,13.90,131.3,16.08,0.970,0.06,0.28,0.81,濃霧,
2026-09-29 07:50,"Mon, 28 Sep 2026 22:50:02 GMT",21143,8CEB176D,153.1,0,164.1,16.79,170.9,10.53,124.1,13.06,1.286,0.05,0.07,0.41,濃霧,
2026-09-29 08:50,"Mon, 28 Sep 2026 23:50:01 GMT",51480,0E8F1B39,133.3,0,118.0,19.65,134.4,29.92,147.4,44.01,0.446,1.91,3.97,3.05,靄,
2026-09-29 09:50,"Tue, 29 Sep 2026 00:50:01 GMT",28967,DE73532B,152.1,0,162.2,13.18,161.3,12.58,132.9,21.27,0.620,0.12,0.61,1.27,薄霧,
2026-09-29 10:50,"Tue, 29 Sep 2026 01:50:01 GMT",23200,F6792C05,156.1,0,171.9,15.90,173.9,12.77,122.7,18.00,0.883,0.05,0.11,0.77,濃霧,
2026-09-29 11:50,"Tue, 29 Sep 2026 02:50:01 GMT",55347,073F513F,126.2,0,104.4,22.12,129.8,34.62,144.4,47.16,0.469,2.71,4.78,3.62,靄,
2026-09-29 12:50,"Tue, 29 Sep 2026 03:50:01 GMT",43993,945D947F,139.5,0,128.7,15.53,146.5,23.18,143.2,38.16,0.407,1.11,2.81,2.68,靄,
2026-09-29 13:50,"Tue, 29 Sep 2026 04:50:01 GMT",54304,CCC40459,129.4,0,110.3,20.37,130.9,32.10,147.1,45.10,0.452,2.61,4.60,3.41,靄,
2026-09-29 14:50,"Tue, 29 Sep 2026 05:50:01 GMT",53101,6C3F4FC4,132.1,0,115.7,17.98,128.8,35.01,151.8,46.31,0.388,2.17,4.31,3.12,靄,
2026-09-29 15:50,"Tue, 29 Sep 2026 06:50:01 GMT",22309,CAB30351,154.5,0,168.6,16.86,172.3,12.55,122.6,14.22,1.186,0.05,0.08,0.55,濃霧,
2026-09-29 16:50,"Tue, 29 Sep 2026 07:50:01 GMT",50336,5D03E33E,139.1,0,138.3,18.87,133.8,33.99,145.4,44.12,0.428,1.30,4.06,3.08,靄,
2026-09-29 17:50,"Tue, 29 Sep 2026 08:50:01 GMT",27262,CF16197D,159.0,0,179.0,15.18,175.2,16.18,122.6,23.93,0.634,0.07,0.20,1.37,薄霧,
2026-09-29 18:50,"Tue, 29 Sep 2026 09:50:01 GMT",47897,82798593,31.0,1,29.8,6.32,30.4,6.33,32.7,6.66,0.948,3.80,3.89,4.16,,
2026-09-29 19:50,"Tue, 29 Sep 2026 10:50:01 GMT",46160,01B9110A,28.3,1,27.5,6.14,27.7,6.09,29.7,6.32,0.972,3.59,3.66,3.87,,
2026-09-29 20:50,"Tue, 29 Sep 2026 11:50:00 GMT",46229,78433027,28.3,1,27.7,6.01,27.8,6.07,29.5,6.32,0.951,3.61,3.68,3.81,,
2026-09-29 21:50,"Tue, 29 Sep 2026 12:50:00 GMT",47057,B0C43BBA,29.8,1,29.4,6.41,29.5,6.41,30.7,6.46,0.993,3.93,3.85,3.95,,
2026-09-29 22:50,"Tue, 29 Sep 2026 13:50:01 GMT",47265,3109DA88,30.3,1,30.0,6.57,29.9,6.34,31.1,6.53,1.006,3.98,3.87,3.98,,
2026-09-29 23:50,"Tue, 29 Sep 2026 14:50:01 GMT",48510,A58C3092,33.2,1,33.2,7.02,33.7,6.78,32.6,6.62,1.060,4.18,4.24,4.11,,
2026-09-30 00:50,"Tue, 29 Sep 2026 15:50:01 GMT",48321,AEFD1B33,33.0,1,33.3,6.65,33.0,6.72,32.6,6.73,0.988,4.23,4.20,4.12,,
2026-09-30 01:50,"Tue, 29 Sep 2026 16:50:01 GMT",48302,C4A88E78,32.4,1,31.8,6.66,32.6,6.60,32.8,6.71,0.993,4.03,4.12,4.13,,
2026-09-30 02:50,"Tue, 29 Sep 2026 17:50:01 GMT",48119,989C9E40,31.7,1,31.0,6.52,31.4,6.57,32.6,6.80,0.960,4.02,4.03,4.05,,
2026-09-30 03:50,"Tue, 29 Sep 2026 18:50:01 GMT",46980,DFBD3EE3,29.4,1,28.1,6.29,28.8,6.31,31.4,6.67,0.944,3.73,3.81,3.93,,
2026-09-30 04:50,"Tue, 29 Sep 2026 19:50:01 GMT",47049,F6B2D2CB,29.2,1,27.9,6.14,28.4,6.28,31.3,6.67,0.921,3.74,3.79,3.98,,
2026-09-30 05:50,"Tue, 29 Sep 2026 20:50:01 GMT",52010,84406462,122.1,0,106.0,25.04,120.7,38.15,139.7,46.87,0.534,2.32,3.92,2.96,靄,
2026-09-30 06:50,"Tue, 29 Sep 2026 21:50:01 GMT",33719,AA0928B5,139.2,0,151.5,27.80,163.0,39.77,103.0,30.65,0.907,0.65,0.97,1.89,薄霧,
2026-09-30 07:50,"Tue, 29 Sep 2026 22:50:01 GMT",63334,EC3D175E,132.1,0,128.5,32.85,120.1,45.84,147.6,48.43,0.678,5.69,6.01,4.97,霧なし,
2026-09-30 08:50,"Tue, 29 Sep 2026 23:50:01 GMT",61276,D738CD55,126.9,0,111.0,24.60,113.1,43.62,156.5,52.03,0.473,4.74,5.65,5.04,霧なし,
2026-09-30 09:50,"Wed, 30 Sep 2026 00:50:01 GMT",61899,52E83437,122.4,0,97.8,20.16,113.3,37.91,156.0,52.97,0.381,4.25,6.03,4.75,霧なし,
2026-09-30 10:50,"Wed, 30 Sep 2026 01:50:01 GMT",61234,E722D4EF,121.7,0,93.0,18.05,116.5,37.04,155.8,53.49,0.338,3.92,5.96,4.77,霧なし,
2026-09-30 11:50,"Wed, 30 Sep 2026 02:50:01 GMT",60697,931295F1,119.6,0,86.3,17.49,117.6,37.82,154.9,53.98,0.324,3.80,6.05,4.62,霧なし,
2026-09-30 12:50,"Wed, 30 Sep 2026 03:50:01 GMT",56472,1C02B283,123.8,0,98.3,18.00,126.6,36.29,146.6,49.11,0.367,2.81,5.11,3.90,霧なし,
2026-09-30 13:50,"Wed, 30 Sep 2026 04:50:01 GMT",57229,D2DBA91D,129.4,0,111.2,19.12,128.8,35.76,148.3,54.73,0.349,2.77,5.22,4.46,霧なし,
2026-09-30 14:50,"Wed, 30 Sep 2026 05:50:01 GMT",53601,D2BF5355,128.4,0,104.6,19.13,134.0,33.42,146.5,47.32,0.404,2.44,4.80,3.78,霧なし,
2026-09-30 15:50,"Wed, 30 Sep 2026 06:50:01 GMT",53245,198C02E1,131.5,0,111.8,18.41,134.3,33.47,148.5,42.82,0.430,2.34,4.88,3.56,靄,
2026-09-30 16:50,"Wed, 30 Sep 2026 07:50:01 GMT",53090,2D297D64,111.5,0,74.9,12.93,127.0,42.67,132.4,51.87,0.249,1.75,5.59,4.68,霧なし,
2026-09-30 17:50,"Wed, 30 Sep 2026 08:50:00 GMT",47779,D8ABB69C,136.7,0,129.1,21.41,137.0,29.99,144.0,43.43,0.493,1.43,3.67,2.93,靄,
2026-09-30 18:50,"Wed, 30 Sep 2026 09:50:01 GMT",48404,75A95309,32.3,1,31.7,6.59,32.3,7.80,33.0,6.72,0.981,4.05,4.01,4.12,,
2026-09-30 19:50,"Wed, 30 Sep 2026 10:50:01 GMT",47713,2906C9CD,31.6,1,30.4,6.78,33.8,15.98,30.7,6.52,1.040,3.94,4.16,3.97,,
2026-09-30 20:50,"Wed, 30 Sep 2026 11:50:01 GMT",52985,9B3ADC5E,49.2,1,42.0,9.77,50.0,17.61,55.7,40.76,0.240,4.83,5.11,4.75,,
2026-09-30 21:50,"Wed, 30 Sep 2026 12:50:01 GMT",47163,684B0E69,30.1,1,29.6,6.36,30.0,6.48,30.7,6.54,0.972,3.78,3.94,3.96,,
2026-09-30 22:50,"Wed, 30 Sep 2026 13:50:01 GMT",46743,63F88E72,29.0,1,28.3,6.22,28.4,7.63,30.5,6.50,0.957,3.79,3.80,3.99,,
2026-09-30 23:50,"Wed, 30 Sep 2026 14:50:01 GMT",46597,06175089,28.6,1,27.3,5.85,27.9,6.16,30.6,6.49,0.901,3.62,3.70,3.85,,
2026-10-01 00:50,"Wed, 30 Sep 2026 15:50:00 GMT",46182,CA07A217,28.8,1,27.6,6.03,28.2,6.13,30.6,6.45,0.935,3.70,3.69,3.89,,
2026-10-01 01:50,"Wed, 30 Sep 2026 16:50:01 GMT",46245,F7FBCA98,29.1,1,27.6,6.07,28.4,6.18,31.2,6.59,0.921,3.73,3.71,3.95,,
2026-10-01 02:50,"Wed, 30 Sep 2026 17:50:01 GMT",46561,5C1F1966,29.3,1,27.7,6.20,28.6,6.18,31.5,6.66,0.931,3.75,3.76,3.99,,
2026-10-01 03:50,"Wed, 30 Sep 2026 18:50:01 GMT",47008,46BC7864,29.6,1,27.7,6.00,29.7,11.20,31.3,6.62,0.906,3.65,3.84,4.00,,
2026-10-01 04:50,"Wed, 30 Sep 2026 19:50:01 GMT",46386,BDE23D0B,29.1,1,27.4,6.14,28.4,6.14,31.4,6.71,0.914,3.74,3.70,3.94,,
2026-10-01 05:50,"Wed, 30 Sep 2026 20:50:01 GMT",48283,495BD830,128.0,0,115.5,19.39,129.7,32.38,139.0,38.98,0.498,1.88,3.69,2.95,靄,
2026-10-01 06:50,"Wed, 30 Sep 2026 21:50:01 GMT",57464,7633F854,129.9,0,117.7,28.26,129.6,40.02,142.5,43.05,0.656,4.38,5.04,4.49,霧なし,
2026-10-01 07:50,"Wed, 30 Sep 2026 22:50:01 GMT",60965,704609EE,128.7,0,118.0,27.38,116.0,45.22,152.1,47.88,0.572,4.79,5.72,4.72,霧なし,
2026-10-01 08:50,"Wed, 30 Sep 2026 23:50:00 GMT",59179,09B186B4,126.0,0,107.3,23.19,112.5,45.22,158.1,46.70,0.497,4.47,5.51,4.49,霧なし,
2026-10-01 09:50,"Thu, 01 Oct 2026 00:50:01 GMT",59178,9E1A0F12,121.0,0,96.0,18.84,112.3,40.31,154.7,47.39,0.398,3.60,5.59,4.61,霧なし,
2026-10-01 10:50,"Thu, 01 Oct 2026 01:50:01 GMT",58669,6ABAC382,118.9,0,87.2,16.06,112.7,38.72,156.8,56.23,0.286,3.24,5.29,5.01,霧なし,
2026-10-01 11:50,"Thu, 01 Oct 2026 02:50:01 GMT",58808,6D5F3EED,120.4,0,85.5,16.91,119.1,40.92,156.5,48.03,0.352,3.81,6.44,4.13,霧なし,
2026-10-01 12:50,"Thu, 01 Oct 2026 03:50:01 GMT",58805,CA3EC1B9,120.8,0,86.5,17.73,122.0,40.63,154.1,48.76,0.364,3.88,6.59,4.05,霧なし,
2026-10-01 13:50,"Thu, 01 Oct 2026 04:50:01 GMT",55582,13B1479F,118.4,0,86.4,18.10,119.7,39.97,149.3,47.29,0.383,3.67,6.26,3.53,靄,
2026-10-01 14:50,"Thu, 01 Oct 2026 05:50:01 GMT",57983,31EBA80E,119.7,0,89.7,18.80,125.5,39.54,144.0,46.68,0.403,3.56,5.88,3.53,靄,
2026-10-01 15:50,"Thu, 01 Oct 2026 06:50:02 GMT",53222,7295239F,122.8,0,97.2,20.65,131.5,39.35,139.5,47.13,0.438,3.96,5.67,3.74,霧なし,
2026-10-01 16:50,"Thu, 01 Oct 2026 07:50:01 GMT",54273,BE57E11C,128.3,0,119.4,24.49,149.3,43.79,116.2,57.04,0.429,5.38,5.92,4.85,霧なし,
2026-10-01 17:50,"Thu, 01 Oct 2026 08:50:01 GMT",49893,6FF4915E,133.4,0,119.9,19.31,141.1,33.61,139.2,43.67,0.442,2.81,4.25,2.89,靄,
2026-10-01 18:50,"Thu, 01 Oct 2026 09:50:01 GMT",46537,1EB0B1DF,29.2,1,28.5,6.25,28.4,11.57,30.5,6.53,0.957,3.84,3.84,3.92,,
2026-10-01 19:50,"Thu, 01 Oct 2026 10:50:01 GMT",46101,D76E1199,27.9,1,26.8,6.17,27.7,10.26,29.2,6.34,0.972,3.64,3.72,3.80,,
2026-10-01 20:50,"Thu, 01 Oct 2026 11:50:01 GMT",45903,7F4E8331,28.2,1,27.1,5.96,28.0,8.66,29.5,6.30,0.947,3.59,3.72,3.85,,
2026-10-01 21:50,"Thu, 01 Oct 2026 12:50:01 GMT",46071,78EDB4A9,28.7,1,27.9,5.99,28.3,6.27,29.9,6.31,0.950,3.49,3.68,3.83,,
2026-10-01 22:50,"Thu, 01 Oct 2026 13:50:01 GMT",46130,55BED526,28.6,1,28.1,5.90,28.0,6.24,29.8,6.33,0.932,3.62,3.73,3.85,,
2026-10-01 23:50,"Thu, 01 Oct 2026 14:50:01 GMT",46146,BF4D3ED4,28.7,1,27.8,6.11,28.0,6.09,30.2,6.47,0.943,3.68,3.66,3.91,,
2026-10-02 00:50,"Thu, 01 Oct 2026 15:50:01 GMT",46378,A011AA9B,28.8,1,27.9,6.07,28.0,6.12,30.4,6.51,0.932,3.63,3.70,3.92,,
2026-10-02 01:50,"Thu, 01 Oct 2026 16:50:01 GMT",46244,0A4943D1,28.9,1,27.9,5.95,28.0,6.11,30.7,6.53,0.912,3.62,3.64,3.89,,
2026-10-02 02:50,"Thu, 01 Oct 2026 17:50:01 GMT",46129,4607965A,28.7,1,27.3,6.07,28.1,6.12,30.8,6.33,0.959,3.70,3.70,3.89,,
2026-10-02 03:50,"Thu, 01 Oct 2026 18:50:01 GMT",46838,97A205C9,29.5,1,28.4,6.28,28.6,6.25,31.5,6.57,0.955,3.78,3.71,4.01,,
2026-10-02 04:50,"Thu, 01 Oct 2026 19:50:00 GMT",46734,01D8FAD7,29.4,1,28.0,6.21,28.9,6.20,31.3,6.49,0.957,3.68,3.80,3.99,,
2026-10-02 05:50,"Thu, 01 Oct 2026 20:50:00 GMT",46256,E53297B9,137.3,0,145.6,15.79,134.1,30.64,132.2,36.93,0.428,1.50,3.12,2.81,靄,
2026-10-02 06:50,"Thu, 01 Oct 2026 21:50:01 GMT",50417,59A60533,143.3,0,153.4,22.04,141.1,41.63,135.2,39.68,0.555,1.93,3.62,3.95,霧なし,
2026-10-02 07:50,"Thu, 01 Oct 2026 22:50:01 GMT",58102,F1CB5A21,136.2,0,136.9,23.57,123.1,42.96,148.8,46.84,0.503,3.87,5.24,4.62,霧なし,
2026-10-02 08:50,"Thu, 01 Oct 2026 23:50:01 GMT",56591,5F1E6D4A,130.4,0,118.0,20.67,116.7,44.04,156.4,46.44,0.445,3.59,4.97,4.37,霧なし,
2026-10-02 09:50,"Fri, 02 Oct 2026 00:50:01 GMT",56541,669B7985,125.8,0,103.2,17.98,116.3,39.29,158.0,46.69,0.385,3.01,4.86,3.98,霧なし,
2026-10-02 10:50,"Fri, 02 Oct 2026 01:50:01 GMT",58026,12C3F42D,121.9,0,92.3,17.17,117.2,38.49,156.1,48.32,0.355,3.60,5.66,4.25,霧なし,
2026-10-02 11:50,"Fri, 02 Oct 2026 02:50:01 GMT",58823,F0CD48A3,136.6,0,125.7,29.89,154.0,44.63,130.2,52.92,0.565,5.51,6.54,3.83,霧なし,
2026-10-02 12:50,"Fri, 02 Oct 2026 03:50:01 GMT",55880,BC4339AD,121.3,0,87.0,17.31,122.6,39.20,154.2,47.70,0.363,3.67,5.60,3.81,霧なし,
2026-10-02 13:50,"Fri, 02 Oct 2026 04:50:01 GMT",58445,6B1109BC,115.9,0,82.8,17.47,119.4,40.00,145.7,50.60,0.345,3.67,5.81,4.10,霧なし,
2026-10-02 14:50,"Fri, 02 Oct 2026 05:50:01 GMT",57632,D6E12B68,118.3,0,89.4,19.17,127.2,39.76,138.3,56.35,0.340,4.03,5.86,4.31,霧なし,
2026-10-02 15:50,"Fri, 02 Oct 2026 06:50:01 GMT",57560,CB795645,119.5,0,94.4,20.75,131.9,39.79,132.3,54.91,0.378,4.24,6.02,4.27,霧なし,
2026-10-02 16:50,"Fri, 02 Oct 2026 07:50:01 GMT",54819,1A3EF100,125.5,0,111.0,24.45,146.9,44.47,118.7,55.62,0.440,5.36,6.05,4.28,霧なし,
2026-10-02 17:50,"Fri, 02 Oct 2026 08:50:01 GMT",52293,AB81FAE3,125.4,0,96.8,19.67,133.9,37.80,145.4,46.28,0.425,3.00,4.60,2.99,靄,
2026-10-02 18:50,"Fri, 02 Oct 2026 09:50:00 GMT",47789,BE00C19A,30.9,1,29.0,6.42,32.1,18.98,31.5,8.83,0.727,3.92,4.20,3.92,,
2026-10-02 19:50,"Fri, 02 Oct 2026 10:50:01 GMT",47769,A5AFE1B9,31.0,1,27.6,6.08,31.1,19.37,34.2,8.88,0.685,3.64,4.05,4.14,,
2026-10-02 20:50,"Fri, 02 Oct 2026 11:50:01 GMT",46711,D31B14E7,29.6,1,27.6,5.94,31.0,18.69,30.3,8.67,0.686,3.64,3.99,3.86,,
2026-10-02 21:50,"Fri, 02 Oct 2026 12:50:01 GMT",45974,AA9111B0,28.7,1,27.3,5.87,29.3,14.66,29.5,6.28,0.935,3.65,3.84,3.78,,
2026-10-02 22:50,"Fri, 02 Oct 2026 13:50:01 GMT",51342,FC4D7334,47.3,1,39.0,10.10,37.4,9.98,65.3,55.10,0.183,4.38,4.40,4.50,,
2026-10-02 23:50,"Fri, 02 Oct 2026 14:50:01 GMT",48072,E89CDCCA,32.1,1,31.3,6.45,30.6,7.63,34.5,7.25,0.890,3.98,3.91,4.20,,
2026-10-03 00:50,"Fri, 02 Oct 2026 15:50:01 GMT",46428,A17925DF,29.3,1,28.5,6.14,29.0,7.45,30.3,6.38,0.963,3.78,3.79,3.85,,
2026-10-03 01:50,"Fri, 02 Oct 2026 16:50:00 GMT",46151,D0F42E1F,28.5,1,27.4,5.98,28.0,6.18,30.2,6.34,0.942,3.71,3.69,3.88,,
2026-10-03 02:50,"Fri, 02 Oct 2026 17:50:01 GMT",46397,906B955F,28.7,1,27.5,5.81,28.0,6.16,30.4,6.44,0.903,3.51,3.62,3.91,,
2026-10-03 03:50,"Fri, 02 Oct 2026 18:50:01 GMT",46550,6F1691E8,28.9,1,27.2,5.84,29.2,12.54,30.2,6.39,0.914,3.62,3.83,3.87,,
2026-10-03 04:50,"Fri, 02 Oct 2026 19:50:01 GMT",51853,3FC460AD,44.5,1,36.2,8.08,36.7,8.73,60.5,47.92,0.169,4.48,4.37,4.61,,
2026-10-03 05:50,"Fri, 02 Oct 2026 20:50:01 GMT",49246,B6F0D63E,128.2,0,125.8,18.95,126.8,33.02,131.9,37.28,0.508,1.82,3.57,3.13,靄,
2026-10-03 06:50,"Fri, 02 Oct 2026 21:50:01 GMT",58678,3D92A79C,133.0,0,127.6,27.40,130.2,42.67,141.2,45.70,0.600,3.54,5.09,4.95,霧なし,
2026-10-03 07:50,"Fri, 02 Oct 2026 22:50:01 GMT",60489,07B06BD1,131.8,0,128.2,26.48,120.0,46.73,147.4,52.44,0.505,3.43,5.05,5.39,霧なし,
2026-10-03 08:50,"Fri, 02 Oct 2026 23:50:01 GMT",61027,172832D1,126.5,0,109.8,23.01,113.6,46.63,156.3,51.96,0.443,4.31,6.16,4.88,霧なし,
2026-10-03 09:50,"Sat, 03 Oct 2026 00:50:01 GMT",61355,FC7C0930,123.1,0,99.6,19.80,114.2,42.58,155.4,52.66,0.376,3.86,6.38,4.91,霧なし,
2026-10-03 10:50,"Sat, 03 Oct 2026 01:50:01 GMT",62650,D14ED234,121.0,0,92.6,18.17,118.5,40.99,152.0,54.93,0.331,3.91,6.61,4.97,霧なし,
2026-10-03 11:50,"Sat, 03 Oct 2026 02:50:01 GMT",61311,17CA02C9,117.0,0,85.6,17.59,117.0,40.25,148.3,53.10,0.331,3.71,6.38,4.47,霧なし,
2026-10-03 12:50,"Sat, 03 Oct 2026 03:50:01 GMT",61685,F878F7AC,117.6,0,84.8,17.21,122.8,41.62,145.2,53.73,0.320,3.60,6.31,5.13,霧なし,
2026-10-03 13:50,"Sat, 03 Oct 2026 04:50:01 GMT",61505,A4AEE14B,116.7,0,83.3,17.15,120.7,42.81,146.2,57.51,0.298,3.54,6.89,4.97,霧なし,
2026-10-03 14:50,"Sat, 03 Oct 2026 05:50:01 GMT",58827,1EB6C519,127.8,0,106.1,24.00,131.7,43.35,145.5,49.08,0.489,4.57,6.97,3.59,靄,
2026-10-03 15:50,"Sat, 03 Oct 2026 06:50:00 GMT",58689,083041DD,122.3,0,97.0,21.46,136.6,42.34,133.4,54.75,0.392,3.91,7.15,4.49,霧なし,
2026-10-03 16:50,"Sat, 03 Oct 2026 07:50:01 GMT",59058,3E8623ED,125.8,0,111.9,24.65,150.1,46.35,115.4,56.90,0.433,5.15,6.59,4.70,霧なし,
2026-10-03 17:50,"Sat, 03 Oct 2026 08:50:01 GMT",51324,67CD1B55,127.2,0,102.6,19.47,136.1,38.41,143.0,44.20,0.441,2.45,4.85,2.79,靄,
2026-10-03 18:50,"Sat, 03 Oct 2026 09:50:01 GMT",49737,CED33686,34.5,1,28.8,6.11,31.3,12.81,43.3,30.27,0.202,3.75,4.10,4.69,,
2026-10-03 19:50,"Sat, 03 Oct 2026 10:50:01 GMT",47018,1C7B9701,29.8,1,27.9,6.14,30.6,16.55,30.8,6.43,0.954,3.69,4.11,3.87,,
2026-10-03 20:50,"Sat, 03 Oct 2026 11:50:02 GMT",46555,F991CB79,29.5,1,27.3,6.08,30.6,16.16,30.5,8.34,0.729,3.67,3.98,3.91,,
2026-10-03 21:50,"Sat, 03 Oct 2026 12:50:01 GMT",46750,13018896,29.1,1,27.7,6.07,29.4,11.20,30.1,6.43,0.945,3.66,3.80,3.84,,
2026-10-03 22:50,"Sat, 03 Oct 2026 13:50:00 GMT",46115,42CE9B37,28.8,1,27.4,6.00,28.7,8.43,30.2,6.32,0.949,3.61,3.79,3.88,,
2026-10-03 23:50,"Sat, 03 Oct 2026 14:50:01 GMT",46686,EA8F42A3,29.2,1,27.4,6.10,27.9,6.37,32.2,8.31,0.735,3.59,3.73,4.09,,
2026-10-04 00:50,"Sat, 03 Oct 2026 15:50:01 GMT",45921,A553CAD8,28.1,1,27.5,6.15,27.6,6.18,29.3,6.31,0.975,3.63,3.65,3.82,,
2026-10-04 01:50,"Sat, 03 Oct 2026 16:50:01 GMT",46481,40F591F7,29.5,1,28.3,6.83,30.2,18.59,29.9,6.42,1.063,3.68,3.84,3.88,,
2026-10-04 02:50,"Sat, 03 Oct 2026 17:50:01 GMT",46235,E79E43EC,28.3,1,27.1,6.05,27.9,6.13,30.0,6.34,0.955,3.60,3.71,3.87,,
2026-10-04 03:50,"Sat, 03 Oct 2026 18:50:01 GMT",53463,2BC8FA90,40.0,1,28.1,6.14,30.8,8.21,61.2,26.44,0.232,3.77,3.95,6.00,,
2026-10-04 04:50,"Sat, 03 Oct 2026 19:50:01 GMT",46132,0C614F91,28.0,1,27.0,5.96,27.6,6.47,29.3,6.26,0.952,3.63,3.73,3.85,,
2026-10-04 05:50,"Sat, 03 Oct 2026 20:50:00 GMT",40382,7CA7AF5C,100.2,0,110.7,14.90,112.2,10.72,77.8,11.90,1.252,1.51,1.59,1.59,薄霧,
2026-10-04 06:50,"Sat, 03 Oct 2026 21:50:01 GMT",55446,80D31623,125.2,0,102.1,21.46,127.4,35.71,146.2,45.56,0.471,2.23,4.87,3.45,靄,
2026-10-04 07:50,"Sat, 03 Oct 2026 22:50:01 GMT",48032,953B1068,137.5,0,131.4,13.23,134.6,29.78,146.4,48.65,0.272,1.00,3.62,2.99,靄,
2026-10-04 08:50,"Sat, 03 Oct 2026 23:50:01 GMT",27145,32562C0C,158.9,0,176.1,13.47,172.0,15.57,128.6,22.95,0.587,0.06,0.29,1.25,薄霧,
2026-10-04 09:50,"Sun, 04 Oct 2026 00:50:01 GMT",22299,C5CD9B25,156.1,0,169.8,16.22,172.2,12.94,126.4,14.31,1.134,0.05,0.10,0.54,濃霧,
2026-10-04 10:50,"Sun, 04 Oct 2026 01:50:01 GMT",20246,D5BA5120,151.2,0,159.6,17.29,169.5,8.95,124.6,12.95,1.335,0.06,0.05,0.33,濃霧,
2026-10-04 11:50,"Sun, 04 Oct 2026 02:50:01 GMT",25333,7CCF6D06,152.4,0,167.0,14.92,162.5,13.37,127.5,20.31,0.735,0.07,0.30,1.00,濃霧,
2026-10-04 12:50,"Sun, 04 Oct 2026 03:50:00 GMT",25979,2C9DD5C3,158.1,0,176.5,14.75,170.6,16.66,127.3,19.28,0.765,0.06,0.24,1.06,薄霧,
2026-10-04 13:50,"Sun, 04 Oct 2026 04:50:01 GMT",49438,B5A8B1D6,142.4,0,148.3,17.49,136.8,32.79,142.1,49.89,0.351,1.09,3.64,3.51,靄,
2026-10-04 14:50,"Sun, 04 Oct 2026 05:50:01 GMT",40345,FA1258F3,138.5,0,125.7,16.66,140.9,24.34,148.8,34.96,0.477,0.75,2.33,2.06,薄霧,
2026-10-04 15:50,"Sun, 04 Oct 2026 06:50:01 GMT",49363,CBCA5714,135.4,0,125.2,14.31,131.3,35.86,149.8,48.19,0.297,1.43,3.96,2.73,靄,
2026-10-04 16:50,"Sun, 04 Oct 2026 07:50:01 GMT",49028,676A4603,134.8,0,121.5,16.03,133.7,32.99,149.1,46.48,0.345,1.27,3.77,2.80,靄,
2026-10-04 17:50,"Sun, 04 Oct 2026 08:50:01 GMT",46954,6CAB8E57,109.6,0,118.2,11.14,94.5,27.05,116.0,40.49,0.275,1.37,2.84,2.71,靄,
